,Agriculture,Rice,Rubber,Durian,Other_Fruits,"Horticultural_products,_n.i.e.",Animal_products,Fishery,Crustaceans,Fish,"Cuttlefish,_squid,_octopus","Fishery_products,_n.i.e.",Forestry,Mining,Crude_oil,"Mineral_products,_n.i.e.",Manufacturing,Agro-manufacturing_Products,Apparels_and_Textile_Materials,Footware_and_parts,Electronics,Electrical_Appliances,Metal_&_Steel,Automotive,"Aircrafts,_ships,_floating_structures,_and_locomotive",Machinery_&_Equipment,Jewellery,Chemicals_&_Petro-chemical_Products,Petroleum_products,Photographic_&_cinematographic_instruments_&_supplies,Medicinal_and_surgical_equipment_and_supplies,Toiletries_and_cosmetics,Furniture_and_parts,Other_Manufacturing_products,Other_Exports,Re-Exports_1,Total_Exports_(Customs_basis),Coverage_Adjustment,Timing_Adjustment,"Exports,_f.o.b._(BOP_basis)"
1995-01-01,584.19,196.61,229.04,0.54,1.97,116.57,39.46,212.42,152.2,33.27,23.25,3.7,6.42,22.02,,22.02,3108.12,448.8,518.17,179.2,576.14,291.5,92.82,51.25,29.99,236.49,156.47,138.59,15.02,23.88,20.84,8.56,61.75,258.65,50.89,11.44,3995.51,-67.51,0,3928
1995-02-01,550.96,186.2,216.29,0.58,2.6,104.63,40.65,178.9,120.85,30.25,24.12,3.68,6.76,20.88,,20.88,3191.95,483.77,488.79,179.19,596.49,328.45,98.79,64.37,34.92,238.35,121.59,136.73,41.14,32.79,19.48,9.14,57.44,260.53,40.87,4.8,3995.11,-46.11,0,3949
1995-03-01,605.24,175.64,238.01,3.29,4.13,132.28,51.9,248.28,176.01,37.45,30.05,4.76,9.14,19.8,0,19.8,4233.01,748.1,613.6,179.66,758.6,416.38,144.15,87.42,85.56,286.1,201.12,176.21,45.09,30.83,21.91,14.36,75.61,348.3,67.21,6.24,5188.91,-105.91,0,5083
1995-04-01,453.51,107.99,181.01,11.73,6.4,103.94,42.44,204.25,146.65,30.94,21.91,4.74,9.83,31.93,,31.93,3315.75,632.93,442.69,135.52,648.9,300.11,103.55,72.98,37.49,242.49,146.12,169.39,23.09,27.9,17.15,10.83,54.71,249.9,43.43,7.11,4065.8,-60.8,0,4005
1995-05-01,587.16,191.15,216.77,15.06,12.38,107.54,44.26,241.44,177.62,35.12,24.95,3.76,8.56,22.58,,22.58,3951.96,686.07,499.84,198.12,732.16,407.51,113.93,91.14,51.28,285.15,164.38,249,19.71,27.48,22.08,11.66,69.34,323.11,62.26,6.44,4880.42,-91.42,0,4789
1995-06-01,516.47,130.92,250.77,5.47,7.93,78.08,43.29,261.12,192.85,38.11,26.54,3.63,10.66,27.36,,27.36,4153.33,634.28,591.87,220.64,760.41,423.49,116.95,96.82,84.26,315.94,181.49,200.3,21.66,30.02,22.28,12.31,72.22,368.37,49.8,6.64,5025.37,-82.37,0,4943
1995-07-01,511.33,140.19,222,2.63,24.95,84.08,37.48,244.91,179.08,33.9,28.92,3,11,23.79,,23.79,3777.79,509.49,546.13,188.08,708.19,374.93,106.81,89.13,49.92,313.9,169.39,206.37,14.96,36.88,21.9,10.82,64.18,366.7,89.35,5.94,4664.11,-91.11,0,4573
1995-08-01,472.17,139.66,205.06,3.82,17.69,64.32,41.62,247.14,180.7,38.76,24.67,3.01,9.35,17.72,,17.72,4109.34,497.55,558.51,213.4,754.62,404.39,130.87,89.11,85.75,369.3,168.9,278.01,15.47,30.6,21.88,12.81,70.5,407.68,72.44,10.32,4938.49,-110.49,0,4828
1995-09-01,430.56,149.49,154.56,2.73,5.29,75.95,42.54,276.13,205.19,39.17,27.01,4.76,8.34,24.44,,24.44,4248.8,534.66,571.49,199.5,823.03,422.36,120.47,90.87,52.16,337.33,202.45,338.94,18.21,33.44,20.78,12.95,72.11,398.04,72.01,7.31,5067.6,-84.6,0,4983
1995-10-01,397.83,133.59,170.94,1.54,3.65,45.9,42.21,268.96,200.16,38.1,26.37,4.34,10.24,24.16,,24.16,4088.26,500.23,491.54,179.21,757.68,408.7,151.2,104.53,46.93,304.5,208.08,411.62,25.95,35.76,21.65,13.07,69.95,357.66,55.78,7.52,4852.76,-81.76,0,4771
1995-11-01,505.65,178.4,187.94,1.14,3.14,86.22,48.81,267.82,195.55,42.25,26.3,3.71,9.75,19.77,,19.77,4353.75,518.81,549.47,179.37,828.26,459.54,113.18,114.47,62.61,355.75,218.26,396.69,23.16,30.14,22.29,15.12,78.71,387.94,40.97,13.14,5210.84,-82.84,0,5128
1995-12-01,556.62,229.59,199.64,0.44,3.52,83.97,39.47,221.92,161.31,34.93,21.92,3.76,8.35,18.58,,18.58,3933.92,471.48,638.28,117.43,843.94,425.38,128.82,108.89,46.84,316.86,179.52,185.52,23.72,27.67,22.02,11.67,69.46,316.43,92.7,8.3,4840.38,-89.38,0,4751
1996-01-01,611.4,214.82,265.92,0.63,3.76,92.75,33.51,175.87,119.47,35.46,17.28,3.67,6.89,22.76,0.01,22.76,3621.85,549.68,448.74,120.44,829.45,413.01,101.66,81.47,59.12,280.65,175.05,164.22,17.57,28.8,20.03,9.97,65.89,256.1,79.18,7.66,4525.61,-124.61,0,4401
1996-02-01,577.79,169.63,247.68,0.59,2.78,120.93,36.18,167.69,112.18,30.72,20.76,4.02,8.17,30.71,,30.71,3838.34,668.31,427.76,127.87,873.52,457.08,113.86,69.58,92.79,288.74,150.73,127.6,38.11,33.49,19.38,11.2,67.43,270.88,49,5.96,4677.65,-127.65,0,4550
1996-03-01,535.02,171.22,229.57,2.17,4.31,90.57,37.2,184.59,125.79,31.13,23.55,4.12,13.09,25.81,0,25.81,4105.13,709.73,464.87,117.69,924.15,476.77,130.03,73.68,91.33,297.47,210,157.71,37.65,35.54,22.15,11.8,74.48,270.1,45.57,6.52,4915.73,-89.73,0,4826
1996-04-01,503.7,175.06,154.28,14.42,7.14,117.26,35.54,198.2,138.73,31.03,23.63,4.81,8.35,21.88,,21.88,3461.88,546.5,389.07,94.7,824.78,417.32,108.59,56.86,52.77,257.9,169.33,146.5,28.54,32.31,21.04,12.13,58.56,245,69.05,5.62,4268.68,-100.68,0,4168
1996-05-01,559.63,176.99,159.5,22.54,19.44,140.05,41.11,230.59,157.72,35.7,31.73,5.44,8.57,21.26,0,21.26,4104.52,671.89,528.33,128.83,867.58,475.69,132.15,71.38,131.39,302.1,178.46,146.92,37.91,29.05,24.35,12.42,68.46,297.62,95.71,6.42,5026.69,-138.69,0,4888
1996-06-01,440.26,142.97,178.72,6.87,8.96,66.82,35.93,196.83,130.79,30.77,30.03,5.24,9.1,28.99,,28.99,3684.3,547.36,458.26,103.17,822.28,445.7,120.26,65.86,65.86,294.63,172.46,133.66,53.95,31.28,24.53,11.58,63.07,270.36,44.15,8.98,4412.61,-92.61,0,4320
1996-07-01,543.54,168.13,202.85,4.63,41.09,87.71,39.13,195.38,127.36,33.42,29.29,5.31,8.28,27.28,,27.28,3653.62,529.52,470.5,95.68,732.99,475.78,122.21,74.17,54.42,282.26,177.47,143.6,45.32,43.6,25.98,12.75,65.16,302.22,82.56,6.41,4517.05,-121.05,0,4396
1996-08-01,565.93,154.23,237.14,3.33,44.03,85.26,41.93,229.59,164.58,34.21,25.67,5.12,6.7,44.88,,44.88,3868.34,525.33,491.9,103.87,796.98,455.78,121.94,97.48,75.67,321.6,180.98,152.97,66.35,45.44,24.98,14.41,72.08,320.56,66.43,10.71,4792.57,-124.28,16.71,4685
1996-09-01,498.12,137.7,228.46,1.97,10.52,80.1,39.36,213.82,152.05,34.76,21.91,5.1,11.57,36.66,0,36.66,3739.76,522.54,441.08,89.22,794.22,446.03,125.6,101.98,56.58,314.05,195.75,154.86,56.46,45.05,24.08,12.82,69.41,290.03,56.79,14.85,4571.57,-100.57,0,4471
1996-10-01,443.8,138.05,189.66,0.78,4.08,64.38,46.85,250.38,186.05,37.38,22.1,4.85,7.24,19.01,,19.01,3917.32,528.27,427.73,108.79,886.68,433.38,128.82,112.53,54.86,296.37,198.39,171.95,126.03,51.47,24.31,13.29,70.02,284.43,47.91,9.12,4694.77,-92.77,0,4602
1996-11-01,534.47,171.67,231.97,0.54,5.41,79.83,45.06,269.91,200.33,40.38,24.74,4.46,11.08,51.76,6.75,45.01,3926.53,525.17,452.33,117.93,899.04,442.44,133.51,105.17,78.19,295.28,192.68,165.57,87.07,50.73,24.83,13.49,72.84,270.27,77.39,11.13,4882.28,-132.28,0,4750
1996-12-01,486.81,191.23,186.97,0.46,4.08,69.9,34.15,203.3,144.31,36.29,18.61,4.09,6.18,32.06,8.86,23.2,3904.78,484,491.33,120.18,911.01,416.55,132.77,130.73,60.78,307.94,153.02,149.47,130.96,35.99,24.37,22.91,67.51,265.26,56.37,9.3,4698.78,-88.78,0,4610
1997-01-01,528.08,162.83,231.23,0.4,4.65,88.3,40.66,174.96,115.89,36.22,18.09,4.76,7.94,25.71,7.97,17.74,3857.49,589.68,405.12,133.92,881.08,427.96,119.78,91.89,72.29,291.49,149.67,153.02,131.1,38.98,25.57,12.33,69.86,263.74,64.57,7.71,4666.44,-116.44,0,4550
1997-02-01,423.7,118.61,189.66,0.35,4.13,77.24,33.71,141.84,87.61,31.28,19.03,3.92,7.54,39.63,14.3,25.33,3618.74,535.71,390.58,108.5,845.47,451.13,116.4,101.44,57.31,292.27,127.18,143.78,77.57,41.45,24.5,12.39,57.95,235.11,100.54,21.12,4353.11,-138.11,0,4215
1997-03-01,490.51,143.65,198.93,1.4,4.8,103.04,38.69,183.71,116.81,36.34,25.83,4.73,9.64,29.47,5.72,23.75,4195.86,670.5,458.35,92.76,964.41,521.94,127.9,110.49,66.47,336.9,189.3,182.1,66.76,38.83,25.36,14.99,64.26,264.53,113.02,9.49,5031.7,-149.7,0,4882
1997-04-01,463.73,177.21,144.17,5.91,4.97,94.94,36.54,183.21,121.62,35.9,21.68,4.01,6.03,40.32,10.81,29.51,3561.12,516.84,390.19,84.95,793.35,431.12,117.09,95.22,56.13,311.78,135.34,168.02,74.36,38.8,25.84,15.45,56.85,249.79,96.55,16.48,4367.45,-127.23,21.78,4262
1997-05-01,451.04,167.48,124.54,16.77,15.92,84.49,41.84,203.31,138.34,35.52,24.56,4.89,10,44.45,7.54,36.91,4064.4,631.19,485.54,90.84,858.83,470.97,131.88,109.33,80.96,347.05,150.62,179.78,92.71,41.92,25.99,17,69.64,280.14,104.87,29.73,4907.8,-161.79,22.99,4769
1997-06-01,466.72,186.91,126.8,16.3,11.35,86.62,38.75,194.13,130.82,34.47,25.05,3.78,5.89,27.64,9.3,18.34,3981.89,600.24,475.9,84.96,904.25,446.36,142.51,106.19,64.02,351.05,135.73,189.39,56.56,34.05,26.35,16.77,74.22,273.35,76.59,11.26,4764.12,-125.12,0,4639
1997-07-01,503.49,179.99,171.94,11.65,35.54,66.5,37.86,214.34,146.41,35.7,28.24,3.99,11.13,25.68,10.94,14.75,4016.92,556.85,493.82,87.09,907.69,455.87,132.63,133.68,80.43,346.7,137.42,189.18,60.2,38.92,26.17,19.65,73.16,277.45,98.65,10.67,4880.87,-140.87,0,4740
1997-08-01,510.47,176.11,147.72,3.84,74.79,69.17,38.84,201.65,139.68,33.87,24.76,3.34,5.98,36.81,5.63,31.18,4069.87,529.48,499.21,92.62,1009.69,422.13,129.9,128.18,70.19,347.56,134.99,197.1,70.91,37.28,25.57,18.73,68.73,287.6,111.3,18.89,4954.97,-165.97,0,4789
1997-09-01,467.55,182.32,144.84,2.33,23.39,76.29,38.39,204.66,139.23,33.92,26.79,4.72,10.98,42.99,10.27,32.71,4246.77,602.17,471.16,86.01,1018.19,446.18,159.23,143.93,71.54,349.6,182.51,212.14,74.46,44.06,22.78,21.3,64.32,277.2,152.56,13.29,5138.81,-152.81,0,4986
1997-10-01,444.6,185.08,137.59,1.28,7.9,67.04,45.72,212.01,140.98,36.62,29.18,5.23,6.77,23.65,8.12,15.53,4353.82,625.13,475.38,98.89,1057.36,455.96,145.04,140.44,10.76,351.02,176.78,235.25,131.61,44.63,25.65,20.56,68.89,290.48,249.41,16.92,5307.18,-165.18,0,5142
1997-11-01,402.18,151.98,140.85,1.11,4.75,65.33,38.17,208.57,134.42,37.91,32.28,3.97,11.29,41.93,19.68,22.24,4011.38,550.16,436.94,91.58,1015,412.62,158.17,129.77,9.78,304.6,164.74,205.45,148.39,41.99,21.19,18.54,58.88,243.57,235.55,18.26,4929.16,-143.16,0,4786
1997-12-01,506.33,248.21,141.93,0.79,4.31,71.74,39.35,205.6,137.6,36.02,27.64,4.34,5.98,32.2,3.36,28.83,4082.49,538.27,510.44,99.87,1021.13,420.67,158.25,139.8,3.82,319.31,134.8,217.59,136.2,32.7,22.78,17.54,56.76,252.55,275.36,21.78,5129.73,-164.73,0,4965
1998-01-01,450.58,188.04,132.48,0.59,2.71,89.05,37.71,167.23,116.54,25.32,21.53,3.85,7.07,29.91,16.64,13.27,3358.81,485.33,385.26,81.12,827.21,389.81,130.44,103.44,4.54,249,138.23,166.11,68.54,47.49,22.75,11.28,44.26,204,313,17.43,4344.04,-153.04,0,4191
1998-02-01,474.12,181.47,153.81,0.91,3.92,93.18,40.83,186.43,128.54,26.4,27.75,3.74,5.95,31.72,5.24,26.48,3563.87,557.11,396.86,86.43,911.83,410.41,142.47,110.42,13.03,268.09,91.51,179.16,53.61,36.35,22.24,15.81,49.65,218.89,181.39,15.18,4458.66,-107.66,0,4351
1998-03-01,462.06,194.63,140.52,4.38,4.82,73.26,44.45,184.59,118.3,35.36,26.74,4.19,8.1,40.6,5.15,35.45,3983.27,565.89,412.5,83.45,1081.38,478.5,160.09,125.5,5.19,318.39,107.71,201.8,51.87,45.87,24.72,17.67,52.91,249.81,149.91,18.06,4846.59,-137.59,0,4709
1998-04-01,381.16,171.7,83.73,19.94,4.83,65.26,35.7,176.81,114.2,33.32,25.77,3.51,5.34,41.04,5.01,36.03,3520.39,535.35,395.5,76.24,836.33,411.63,135.26,138.1,2.45,274.16,95.6,194.12,53.9,45.93,24.78,14.66,53.61,232.77,192.08,15.4,4332.23,-155.84,78.61,4255
1998-05-01,338.56,137.6,81.23,15.82,6.84,56.97,40.1,160.99,104.56,28.8,24.03,3.59,6.92,27.1,3.16,23.94,3624.97,523.49,439.61,73.81,887.79,446.04,141.42,125.19,3.01,277.59,97.38,190.26,47.54,43.25,25.82,14.31,53.07,235.38,140.94,18.72,4318.19,-126.2,12.01,4204
1998-06-01,383.97,164.92,110.25,6.44,4.67,58.14,39.54,161.74,103.06,30.24,25.66,2.78,7.21,24.95,5.47,19.47,3818.5,503.1,452.68,69.75,962.38,455.7,162.47,144.38,5.84,294.26,94.78,205.23,68.43,42.77,26.39,17.63,55.55,257.15,219.6,11.66,4627.63,-170.63,36,4493
1998-07-01,433.03,194.07,116.34,5.67,4.93,71.42,40.6,165.21,103.59,34.53,23.65,3.44,7.48,23.04,3.88,19.16,3856.53,521.81,505.34,77.6,955.86,428.39,142.14,130.16,3.98,282.61,105.26,199.45,78.79,48.44,27.75,16.72,56.43,275.8,186.26,7.76,4679.33,-131.31,11.99,4560
1998-08-01,376.09,167.19,113.51,5.6,5.47,43.92,40.4,153.18,102.56,28.87,18.56,3.19,5.44,27.25,11.4,15.85,3637.01,485.51,437.15,64.06,933.79,415.71,143.74,132.6,2.32,279.76,100.53,184.75,70.46,33.93,26.62,15.38,55.97,254.74,146.14,6.2,4351.32,-122.32,0,4229
1998-09-01,348,146.24,102.35,3.27,3.63,49.38,43.14,172.3,114.96,32.42,21.02,3.89,7.47,23.64,4.32,19.32,3899.83,510.33,411.88,56.07,1096.31,429.39,141.75,159.73,8.32,339.66,113.02,190.61,57.83,37.79,25.18,16.69,59.34,245.93,214.37,7.15,4672.76,-202.76,0,4470
1998-10-01,356.59,156.15,96.95,1.08,2.49,53.37,46.55,199.44,137.67,32.97,24.89,3.9,6.85,32.1,12.2,19.9,3853.48,534.96,416.16,79.76,1060.04,405.86,139.42,149.31,3.64,302.72,126.84,184.64,63.27,31.13,28.52,15.67,64.13,247.41,166.19,11.83,4626.47,-145.45,11.99,4493
1998-11-01,374.25,185.04,89.36,0.36,2.61,49.57,47.3,227.92,163.75,34.4,24.37,5.41,7.57,20.26,4.18,16.07,3716.92,534.24,372.08,85.1,1041.86,375.29,148.88,177.98,5.08,289.54,116.35,196.08,31.19,24.75,26.41,16.32,66.56,209.23,194.41,7.87,4549.19,-182.19,12,4379
1998-12-01,429.96,211.32,98.15,1,1.86,69.74,47.89,205.34,140.37,37.86,21.72,5.39,7.64,26.95,8.58,18.37,3838.18,499.77,450.67,94.86,1037.56,372.99,144.37,207.47,2.73,303.73,106.4,189.1,45.95,28.58,27.73,16.12,68.48,241.66,155.61,11.25,4674.92,-138.04,7.12,4544
1999-01-01,382.15,182.09,90.25,2.05,2.63,64.15,40.99,161.78,99.09,40,18.75,3.94,7.9,23.4,4,19.41,3380.67,464.86,364.7,82.34,875.95,406.48,108.54,128.85,2.81,269.29,97.15,171.71,60.88,30.95,24.86,13.92,56.96,220.43,124.33,4.93,4085.17,-114.16,8,3979
1999-02-01,341.89,126.74,97.22,1.35,3.05,72.85,40.67,134.57,83.26,27.46,18.87,4.98,10.41,22.68,2.85,19.83,3552.62,494.39,364.84,80.24,903.9,436.7,131.57,150.85,2.72,303.57,83.81,177.09,62.9,30.97,24.07,14.85,59.61,230.53,171.64,6.47,4240.27,-160.27,0,4080
1999-03-01,385.79,148.11,98,4.96,3.9,82.74,48.08,149.98,84.11,37.36,23.12,5.39,10.29,26.93,7.33,19.61,4043.72,599.85,377.71,79.81,1080.69,491.85,137.39,166.78,1.35,299.45,128.29,206.66,67.29,33.43,29.11,22.77,67.11,254.2,159.03,5.73,4781.48,-145.48,0,4636
1999-04-01,340.51,118.68,79.42,17.83,6.11,73.57,44.9,137.18,73.55,33.56,25.15,4.92,11.14,25.82,6.41,19.41,3839.8,629.85,361.65,73.4,902.99,444.35,134.81,201.4,1.84,302.02,115.69,212.48,72.13,29.04,27.49,17.88,58,254.78,173.27,7.89,4535.59,-161.59,0,4374
1999-05-01,342.4,135.58,68.13,21.63,15.51,58.92,42.62,149.81,85.65,31.99,26.12,6.05,13.06,23.3,3.94,19.37,3996.65,588.44,405.16,73.82,1015.15,457,146.96,175.7,1.52,308.81,103.85,220.18,88.57,35.36,27.36,21.31,64.97,262.5,122.89,21.23,4669.34,-109.34,0,4560
1999-06-01,341.44,141.95,81.72,9.98,8.98,55.02,43.79,169.54,104.57,31.66,27.22,6.08,11.35,26.35,3.54,22.8,4176.58,569.43,443.15,66.72,1103.77,463.6,144.62,223.14,5.37,314.83,108.27,223.92,77.38,40.52,27.93,21.19,67.17,275.59,71.52,10.88,4807.65,-55.65,0,4752
1999-07-01,393.74,167.64,95.17,5.83,21.85,61.62,41.62,201.25,132.71,30.47,29,9.08,14.78,37.11,11.2,25.91,4269.58,586.79,513.29,71.45,1010.68,470.45,144.29,215.98,38.92,311.61,108.11,255.2,79.53,35.69,31.6,20.79,75.46,299.75,130.79,9.28,5056.53,-178.52,10.99,4889
1999-08-01,394.25,185.22,94.57,3.21,11.44,56.2,43.6,191.4,125.98,32.18,25.73,7.52,10.5,24.36,6.89,17.46,4219.78,565.72,463.66,58.16,1076.2,467.8,156.39,239.07,1.02,315.99,116.26,251.64,73.33,39.07,27.62,20.41,71.36,276.08,137.06,9.65,4986.99,-122.99,0,4864
1999-09-01,379.59,180.72,91.74,3.29,6.2,52.21,45.42,202.77,136.6,31.38,27.26,7.53,10.19,34.25,6.35,27.9,4316.37,605.76,429.11,59.29,1135.14,481.83,146.59,217.41,34.02,306.06,123.93,265.82,57.6,46.87,30.15,23.09,77.92,275.77,216.27,11.97,5171.41,-231.4,11,4951
1999-10-01,378.92,167.19,99.17,0.89,4.81,58.9,47.96,217.35,141.81,37.41,29.11,9.02,11.54,37.52,7.34,30.19,4513.31,636.32,459.25,65.89,1183.61,489.51,163.8,213.39,3.14,339.68,150.98,271.93,74.78,41.02,31.57,22.48,86.86,279.1,305.07,13.48,5477.18,-137.18,0,5340
1999-11-01,414.03,184.84,122.78,0.81,4.82,55.83,44.95,189.24,119.87,33.25,28.9,7.22,12.14,46.72,22.77,23.95,4439.81,602.4,431.04,68.1,1227.68,509.63,159.98,189.85,2,339.73,145.49,258.68,101.69,34.17,30.39,21.75,79.56,237.68,229.26,15.04,5346.23,-219.23,0,5127
1999-12-01,474.92,210.64,141.26,1.34,5.96,76.35,39.36,184.5,116.36,35.94,25.12,7.08,12.4,66.93,41.63,25.3,4469.65,560.51,500.9,78.95,1103.55,492.53,174.62,273.85,3.45,325.46,128.61,276.6,122.48,32.66,31.77,23.91,82.73,257.07,125.48,9.56,5343.44,-112.45,18.01,5249
2000-01-01,368.01,134.08,106.27,4.88,6.43,76.19,40.16,157.02,108.02,29.69,15.44,3.88,9.54,85.42,0.02,85.41,4582.43,557.06,431.95,83.86,1171.55,605.52,188.41,192.12,3.51,316.39,101.27,342.06,113.79,41.73,27.26,16.89,102.26,286.79,170.69,16.89,5390.01,-144.01,0,5246
2000-02-01,384.92,153.11,117.9,2.19,6.13,66.73,38.85,151.89,98.3,29.66,19.48,4.45,11.55,87.65,26.69,60.96,4691.34,587.02,456.93,79.74,1149.16,640.34,188.05,232.09,2.34,354.92,101.84,335.53,103.21,40.07,31.33,20.96,78.8,288.99,135.56,8.48,5471.38,-122.38,0,5349
2000-03-01,346.9,133.53,87.5,2.26,6.51,75.82,41.29,162.88,101.09,35.96,22.2,3.62,12.22,77.15,42.53,34.62,5013.94,685.44,461.37,79.69,1234.77,636.64,224.26,258.26,8.06,349.86,131.16,349.67,135.03,36.73,28.87,24.49,84.16,285.48,220.67,5.82,5839.59,-214.59,0,5625
2000-04-01,366.72,101.47,167.9,3.41,10.13,47.77,36.03,197.39,119.55,39.02,30.03,8.8,17.59,99.98,48.63,51.35,4430.19,581.14,413.96,74.17,1093.89,591.05,206.34,190.25,53.2,339.93,116.71,245.27,86.66,45.17,33.39,21.14,66.48,271.43,130.23,6.67,5248.78,-111.78,0,5137
2000-05-01,332.02,98.55,110.86,14.79,17.91,49.3,40.6,165.72,107.28,31.48,20.78,6.17,10.75,46.73,21.56,25.17,4598.74,535.18,429.05,64.36,1141.45,583.76,208.45,229.54,7.47,372.71,118.55,310.71,119.37,52.71,34.06,25.54,73,292.83,143.3,6.18,5303.43,-133.43,0,5170
2000-06-01,343.78,113.57,119.03,14.1,11.46,43.91,41.71,223.96,158.76,32.88,26.81,5.52,17.56,42.67,14.39,28.28,4797.14,625.88,518.51,86.59,1125.67,612,198.47,235.68,4.2,351.14,108.26,349.66,87.58,47.11,31.9,23.59,81.48,309.41,142.81,6.92,5574.83,-134.83,0,5440
2000-07-01,381.3,127.93,116.67,7.5,37.54,52.13,39.52,240.65,170.47,31.56,29.84,8.78,19.49,44.63,23.06,21.57,5284.33,663.24,542.3,66.83,1304.06,628.52,245.74,313.74,5.99,396.99,112.53,349.9,112.57,60.25,41.33,23.75,86.31,330.29,157.9,6.44,6134.74,-141.74,0,5993
2000-08-01,443.69,150.79,139.57,3.81,44.01,61.87,43.64,207.46,145.57,29.4,26.89,5.6,14.24,66.18,46.01,20.18,5317.97,654.57,524.34,69.96,1357.04,603.66,215.23,317.64,9.54,400.71,127.05,362.95,135.2,58.96,35.21,27.54,84.82,333.55,222.42,6.62,6278.58,-207.58,0,6071
2000-09-01,351.83,114.87,130.68,1.65,10.36,52.16,42.11,182.2,117.56,30.47,26.99,7.19,15.59,45.44,15.03,30.41,5314.28,668.63,496.24,56.16,1420.28,622.61,191.1,285.43,14.57,407.66,141.8,333.98,180.06,58.38,32.95,25.88,79.63,298.92,174.1,5.93,6089.38,-157.38,0,5932
2000-10-01,420.37,156.75,155.1,0.99,7.27,53.07,47.19,210.94,138.99,35.31,29.78,6.86,11.41,93.77,64.74,29.03,5394.95,750.25,441.04,53.94,1391.2,603.72,224.22,291.99,13.52,418.72,143.95,328.4,232.97,55.86,32.27,30.74,84.06,298.1,168.32,8.69,6308.46,-151.46,0,6157
2000-11-01,429.04,188.15,136.73,1.14,7.94,46.2,48.89,205.84,141.76,35.33,23.18,5.57,10.76,74.56,45.79,28.77,5272.91,640.17,434.27,67.26,1504.24,563.29,195.57,287.55,6.21,420.63,148.57,313.02,194.83,50.63,33.45,34.63,84.43,294.18,221.02,5.13,6219.26,-203.26,0,6016
2000-12-01,418.01,168.19,136.47,1.38,7.25,59.12,45.6,208.9,144.91,35.91,21.21,6.87,12.26,72.79,40.73,32.06,5013.3,569.83,464.8,65.53,1466.65,490.57,173.92,283.23,5.76,364.44,128.17,289.97,269.54,45.75,29.92,24.42,78.34,262.46,181.9,9.95,5917.11,-164.11,0,5753
2001-01-01,379,158.25,108.22,2.77,5.7,57.83,46.22,164.61,109.96,31.27,16.42,6.96,9.63,67.43,44.67,22.76,4396.27,520.71,407.27,74.58,1212.3,505.68,154.68,216.39,3.68,357.98,124.41,279.47,113.04,45.9,27.37,27.03,67.68,258.08,162.31,7.48,5186.72,-145.72,0,5041
2001-02-01,338.74,103.18,125.27,2.44,6.95,56.1,44.79,168.99,109.45,33.51,19.91,6.12,13.23,45.77,15.94,29.84,4513.97,584.7,434.63,82.95,1112.52,590.34,176.2,258.34,4.5,333.73,104.31,292.9,78.32,49.98,32.91,22.2,73.81,281.62,175.33,5.54,5261.57,-110.57,0,5151
2001-03-01,331.55,92.11,105.11,3.5,7.18,71.07,52.58,164.66,100.62,33.99,22.6,7.46,14.49,53.74,27.3,26.44,5226.26,639.79,465.49,81.45,1292.11,708.08,186.48,311.29,2.6,403.94,155.41,326.66,136.66,47.16,34.5,32.96,80.68,321.01,269.01,7.27,6066.98,-250.38,7.4,5824
2001-04-01,303.08,81.68,87.55,11.16,10.47,67.34,44.87,148.12,88.52,30.55,22.35,6.7,12.2,49.67,24.92,24.75,4182.84,573.2,370.07,66.47,951.99,541.59,146.95,243.7,4.26,313.91,122.39,276.02,147.54,40.5,30.29,26.74,64.34,262.89,185.07,12.67,4893.64,-172.64,0,4721
2001-05-01,398.67,138.77,94.14,16.15,14.09,85.6,49.93,187.87,118.83,36.77,25.75,6.53,14.41,46.07,18.44,27.63,4850.85,720.49,448.03,74.45,1122.95,608.26,180.99,252.59,6.06,351.55,140.07,310.43,130.33,47.98,34.85,32.83,72.41,316.57,247.3,9.96,5755.14,-235.14,0,5520
2001-06-01,334.61,105.69,114.14,5.34,8.8,52.37,48.27,186.63,124.31,32.86,23.29,6.17,13.72,55.93,32.18,23.75,4765.59,611.41,485.83,68.46,1178.04,554.4,169.08,280.41,9.12,361,120.22,266.58,166.2,46.35,34.44,29.05,75.59,309.41,192.51,10.11,5559.1,-175.1,0,5384
2001-07-01,379.64,109.68,118.88,1.78,19.86,77.84,51.6,182.54,121.1,31.36,23.85,6.22,13.41,60.24,32.47,27.77,4484.62,623.57,468.11,65.26,951.86,532.06,180.28,298.98,8.38,340.97,142.96,269.16,109.02,44.73,33.43,34.25,76.42,305.18,191.45,8.77,5320.67,-178.67,0,5142
2001-08-01,419.12,128.98,132.93,6.76,17,69.78,63.67,184.56,121.05,32.44,24.67,6.4,16.15,50.18,30.39,19.78,4853.73,689.84,496.15,69.97,1051.73,550.36,183.77,304.9,3.55,405.73,136.61,283.37,145.83,41.73,36.65,39.67,84.18,329.69,210.83,7.25,5741.83,-190.83,0,5551
2001-09-01,393.61,144.76,112.06,4.24,9.99,63.23,59.32,162.18,101.65,30.23,23.96,6.35,14.69,43.13,24.77,18.36,4621.57,670.83,431.31,62.99,1026.14,529.03,166.5,300.22,4.45,344.07,149.25,279.24,162.23,38.66,34.92,37.84,79.99,303.89,250.37,5.65,5491.2,-234.2,0,5257
2001-10-01,388.92,154.59,110.29,2.95,8.59,49.87,62.63,171.62,105.15,35.1,25.56,5.81,12.61,34.33,14.95,19.38,4641.17,699.56,405.02,56.06,1028.11,545.58,167.41,320.27,5.34,386.64,168.84,289.07,95.08,47.64,34.45,37.84,80.9,273.34,179.88,7.07,5435.61,-155.61,0,5280
2001-11-01,403.74,161.6,113.94,0.83,9.94,50.01,67.42,173.37,104.51,36.29,26.22,6.34,13.42,57.73,36.42,21.31,4599.35,652.16,425.5,70.2,1066.21,535.38,170.51,301.2,3.68,385.95,153.64,264.11,111.5,35.13,36.78,38.78,86.11,262.55,185.2,7.63,5440.43,-164.43,0,5276
2001-12-01,445.25,203.52,103.5,1.44,8.63,59.65,68.51,146.55,88.34,32.41,19.48,6.33,17.17,33.45,10.78,22.67,4244.53,544.17,449.83,69.96,990.17,480.41,168.75,265.5,4.71,378.66,104.78,258.46,104.89,33.7,32.32,28.59,77.33,252.31,140.51,6.29,5033.75,-110.75,0,4923
2002-01-01,399.05,139.44,113.85,2.61,13.08,57.14,72.92,125.83,69.17,32.11,18.55,6.01,14.18,33.48,6.61,26.87,4088.42,587.91,376.69,71.15,861.75,542.52,139.47,245.03,5.57,336.78,110.66,269.48,108.63,35.31,31.32,36.93,76.03,253.19,174.21,21.54,4856.7,-151.7,0,4705
2002-02-01,342.96,99.28,100.04,1.69,9.09,74.06,58.8,113.6,59.61,28.95,18.86,6.18,15.4,72.45,50.46,21.99,4096.62,558.55,354.4,63.21,910.14,599.47,148.31,256.62,4.68,341.36,100.69,243.07,85.99,33.14,33.42,30.79,79.42,253.36,210.37,12.4,4863.79,-128.79,0,4735
2002-03-01,370.24,119.12,118.99,3.08,8.21,53.74,67.1,126.78,59.11,34.63,26.46,6.58,16.85,76.81,45.57,31.24,4897.34,719.71,407.14,69.76,1140.33,717.58,185.44,274.73,4.56,410.1,135.8,277.44,72.62,41.24,36.81,36.64,79.81,287.64,189.3,11.11,5688.44,-157.44,0,5531
2002-04-01,348.98,114.93,102.16,5.39,9.54,62.12,54.83,111.7,53.68,31.53,20.34,6.14,14.99,54.59,15.48,39.11,4209.13,640.26,321.18,55.44,860.8,620.79,153.65,259.57,11.19,373.51,130.21,274.65,76.34,45.52,33.72,30.47,66.02,255.81,166.18,6.83,4912.39,-143.39,0,4769
2002-05-01,367.95,107.97,96.81,14.49,21.72,62.9,64.05,135.2,70.12,33.44,24.83,6.8,18.73,84.11,45.78,38.33,5098.84,738.12,446.2,70.48,1053.52,720.26,195.35,279.92,13.96,423.23,141.31,333.78,99.76,47.56,38.16,43.54,85.08,368.61,221.82,8.43,5935.08,-177.08,0,5758
2002-06-01,374.01,115.07,136.37,7.09,12.1,47.16,56.22,144.6,75.62,35.14,28.05,5.79,22.29,87.92,50.01,37.91,4878.14,667.65,437.91,69.84,991.98,677.4,178.38,310.78,58.51,423.7,129,312.69,101.98,50.61,34.5,34.12,78.32,320.76,315.07,11.78,5833.8,-316.8,0,5517
2002-07-01,397.55,122.73,144.24,5.57,22.13,50.24,52.64,126.47,61.33,35.52,25.02,4.59,17.02,83.64,50.53,33.11,4781.45,653.59,464.18,58.49,908.74,681.1,190.47,300.65,5.77,406.07,128.26,355.91,110.58,45.17,35.49,36.54,86.91,313.53,155.87,8.32,5570.33,-135.33,0,5435
2002-08-01,476.92,175.88,158.12,5.08,15.98,63.01,58.85,132.52,73.33,30.98,22.63,5.58,18.64,28.01,,28.01,5272.51,650.64,518.65,66.52,1079.53,684.95,218.71,333.18,4.52,459.43,148.06,370.36,127.73,45.68,37.67,49.02,100.96,376.91,205.9,16.74,6151.23,-196.23,0,5955
2002-09-01,435.12,122.5,195.92,2.48,7.73,58.07,48.41,156.69,87.01,35.34,28.46,5.87,21.1,127.89,103.11,24.78,5294.4,676.08,466.14,56.95,1159.39,721.93,204.98,374.8,6.32,447.03,152.35,332.12,120.58,46.79,37.12,38.25,98.71,354.84,241.55,7.84,6284.59,-193.59,0,6091
2002-10-01,498.41,175.74,209.89,1.5,7.18,56.65,47.43,176.2,92.69,42.78,32.8,7.94,19.78,58.12,26.82,31.3,5362.07,728.68,456.34,61.62,1184.56,711.44,195.97,347.67,3.63,464.56,189.88,345.79,138.1,47.36,34.55,43.16,90.85,317.89,187.06,13.22,6314.85,-161.85,0,6153
2002-11-01,491.14,194.6,192.36,2.75,8.52,45.4,47.52,168.96,85.59,44.04,32.91,6.42,19.41,66.39,39.57,26.82,5284.26,711.48,451.67,65.44,1160.79,650.33,217.42,356.01,4.08,457.2,161.84,366.03,177.03,40.19,35.33,41.08,91.91,296.43,162.04,7.94,6200.14,-147.14,0,6053
2002-12-01,434.66,144.44,171.48,2.47,12.93,55.98,47.36,125.99,59.47,37.18,23.13,6.22,15.74,44.91,23.63,21.28,4721.96,592.86,454.61,62.41,1008.56,609.98,211.98,288.76,5.63,405.93,127.7,339.13,138.66,40.99,33.53,33.68,83.77,283.77,182.75,18.95,5544.98,-154.98,0,5390
2003-01-01,501.1,137.17,241.6,1.72,13.83,53.89,52.9,148.28,72.44,40.96,26.64,8.24,19.79,28.19,,28.19,5096.16,683.33,455.55,72.82,1018.69,656.06,209.54,358.03,67.35,416.04,129.92,369.5,146.48,42.03,36.88,46.61,87.94,299.4,309.69,9.64,6112.85,-282.85,0,5830
2003-02-01,513.11,124.19,262.86,0.64,7.83,67.99,49.6,130.26,62.79,36.8,24.22,6.45,25.99,123.2,100.83,22.37,4991.8,715.96,391.05,68,1013.13,691.41,220.28,348.75,20,428.79,118.92,354.3,133.32,39.38,36.84,43.62,98.76,269.28,273.66,6.3,6064.32,-164.32,0,5900
2003-03-01,496.98,103.41,269.25,3.84,11.12,56.29,53.07,130.34,62.38,34.97,26.59,6.4,22.28,61.32,36.89,24.42,5591.71,750.67,436.82,62.9,1159.79,786.33,248.27,378.33,64.51,486.27,161.82,401.47,119.53,39.63,36.13,46.75,89.3,323.21,296.74,12.62,6611.99,-327.99,0,6284
2003-04-01,443.02,118.85,186.78,8.71,9.78,73.46,45.44,130.69,65.1,35.15,24.86,5.58,20.54,51.54,30.43,21.11,5169.39,745.94,360.67,61.25,1063.42,766.45,247.35,346.93,14.01,400.2,137.03,441.29,94.47,42.43,39.33,42.85,78.06,287.71,140.13,7.77,5963.07,-127.07,0,5836
2003-05-01,454.71,129.45,184.8,2.58,9.97,70.38,57.53,151.83,72.98,40.4,31.53,6.92,25.4,68.86,45.17,23.69,5710.26,865.24,473.74,66.4,1165.99,784.17,231.42,377.53,58.52,437.02,150.01,422.76,122.68,40.49,39.26,46.92,87.55,340.57,326.91,10.49,6748.46,-238.46,0,6510
2003-06-01,447.74,112,195.64,3.86,11.66,54.57,70,137.35,69.95,35.51,26.59,5.3,19.45,134.6,104.28,30.33,5640.28,808.45,462.45,71.41,1276.31,770.32,222.04,385.32,102.04,429.22,134.27,384.82,78.34,35.49,38.34,45.74,86.36,309.37,196.12,12.95,6588.5,-160.5,0,6428
2003-07-01,490.29,131.99,212.27,7.25,15.04,57.89,65.84,155.8,83.02,38.15,29.02,5.61,25.36,114.57,91,23.57,5551.42,775.43,521.62,69.94,1042.06,780.9,217.87,428.04,115.72,443.63,134.16,402.27,95.41,35.7,40.65,50.64,85.72,311.65,145.86,8.88,6492.17,-100.17,0,6392
2003-08-01,516.41,165.17,189.41,5.95,27.28,62.7,65.9,153.08,88.66,33.66,25.31,5.46,21.25,64.44,44.81,19.64,5605.11,756.78,483.52,67.13,1191.31,713.26,233.84,435.49,67.21,449.23,165.24,404.68,105.88,39.22,38.79,45.35,88.97,319.22,111.69,13.87,6485.86,-85.86,0,6400
2003-09-01,536.42,150.53,238.74,3.96,17.4,61.88,63.91,164.51,97.99,33.25,28.29,4.99,21.28,41.97,18.62,23.34,6160.43,792.41,461.82,55.8,1386.29,809.03,235.74,446.79,162.56,478.38,189.21,431.91,155.29,40.66,41.72,48.18,92.79,331.84,164.37,11.14,7100.11,-187.11,0,6913
2003-10-01,578.98,185.29,244.1,3.12,10.35,62.79,73.32,175.28,97.92,38.21,32.91,6.24,20.32,110.63,73.87,36.76,6358.46,806.84,483.69,66.61,1499.38,775.42,244.92,458.25,176.96,494.23,195.45,422.48,182.68,35.96,44.11,52.84,108.92,309.74,162.95,9.01,7415.64,-118.64,0,7297
2003-11-01,640.98,240.22,245.76,2.93,18.71,69.29,64.05,142.47,68.68,37.34,30.19,6.26,22.72,92.47,63.47,29.01,6168.72,814.46,466.86,61.08,1437.42,749.39,227.29,428.37,225.15,503.09,202.07,411.43,113.16,33.44,43.82,42.55,98.15,311,130.81,13.39,7211.56,-76.56,0,7135
2003-12-01,756.02,235.52,316.46,3.42,12.57,114.34,73.7,142.78,67.59,41.84,26.72,6.63,20.06,80.91,42.13,38.78,6103.34,749.4,501.74,74.28,1472.31,766.88,270.8,439.7,101.12,490,159.89,420.3,120.14,38.65,45.79,42.75,98.37,311.23,126.16,15.62,7244.9,-64.9,0,7180
2004-01-01,606.34,163.33,282.83,1.33,11.4,106.21,41.24,146.77,80.36,36.11,24.07,6.24,23.15,74.99,51.95,23.05,6019.81,741.96,470.46,66.68,1315.04,788.22,246.64,419.85,182.03,494.15,139.93,450.38,181.64,35.08,42.24,45.93,94.86,304.73,221.82,10.82,7103.71,-206.02,-15.23,6881.93
2004-02-01,588.44,168.42,304.27,1.59,11.47,87.59,15.09,174.66,82.58,39.54,43.99,8.55,24.14,95.8,72.97,22.83,6276.01,798.3,465.59,69.44,1262.88,882.37,293.68,519.95,134.55,517.8,154.79,434.26,154.1,47.59,45.61,52.54,104.23,338.35,169.78,12.69,7341.51,-126.16,0,7214.95
2004-03-01,620.82,175.25,307.48,2.48,13.19,112.62,9.79,122.54,45.27,39.34,30.02,7.92,33.72,53.18,25.11,28.07,6922.32,827.46,508.57,69.86,1397.19,1004.14,321.29,539.92,200.6,556.02,218.64,475.07,182.63,55.55,45.24,57.42,104.98,357.74,184.54,11.02,7948.14,-113.35,0,7834.17
2004-04-01,578.85,172.59,248.08,8.02,17.79,126.38,5.99,121.45,53.06,33.15,28.62,6.62,25.24,100.19,74.67,25.52,6143.52,757.24,449.02,57.76,1282.97,844.08,297.02,457.02,197.13,491.71,156.56,437.92,150.16,47.16,44.43,45.73,93.04,334.56,271.7,8.33,7249.27,-178.9,0,7067.05
2004-05-01,615.17,219.63,260.6,12.71,17.36,98.21,6.66,123.57,47.35,36.96,31.45,7.81,31.86,80.74,49.52,31.22,6958.76,897.56,529.74,64.7,1346.05,1000.9,319.11,530.82,117.64,591.35,182.99,544.5,205.65,54.09,54.35,59.67,103.18,356.47,147.06,12.09,7969.28,-94.6,0,7872.54
2004-06-01,695.04,278.77,259.27,4.73,13.71,132.46,6.1,145.17,64.92,37.65,33.32,9.28,29.34,83.6,52.28,31.32,7114.15,907.52,561.69,74.44,1332.36,1025.23,350.22,614.96,135.67,592.49,178.06,541.54,163.48,54.43,46.36,51.73,107.43,376.56,215.91,9.88,8293.09,-121.81,0,8169.96
2004-07-01,641.23,245.62,290.62,4.44,20.9,72.46,7.19,151.45,73.03,39.21,32.83,6.38,31.38,97.14,65.31,31.83,6896.18,860.47,609,61.72,1264.03,962.14,354.16,574.81,100.15,574.1,177.08,524.86,186.53,52.87,48.22,56.39,106.5,383.14,234.87,12.73,8064.98,-177.79,0,7886.18
2004-08-01,663.77,261.17,283.35,5.29,23.88,83.41,6.67,130.97,60.41,34.96,28.69,6.91,27.09,113.73,85.48,28.25,7075.6,848.6,569.77,59.93,1337.74,936.4,395.19,568.3,152.16,547.93,187.33,561.99,267.53,53.59,46.84,61.13,105.17,376.01,123.93,16.16,8151.25,-74.01,-15.23,8061.17
2004-09-01,537.6,241.46,184,6.04,13.76,84.47,7.86,161.99,85.1,37.61,31.83,7.45,22.87,107.04,83.4,23.65,7450.4,892.54,589.89,63.09,1485.52,986.97,373.98,598.24,148.09,609.15,223.05,614.58,207.43,66.52,49.41,55.74,111.64,374.57,215.09,19.95,8514.95,-169.79,0,8343.07
2004-10-01,732.1,235.07,375.52,3.29,9.32,101.39,7.5,167.27,90.05,36.74,33.27,7.21,35.72,125.99,93.65,32.34,7607.6,921.82,548.12,50.47,1526.46,946.24,401.8,635.67,138.32,588.84,225.69,649.89,314.51,62.53,45.98,55.36,121.49,374.42,153.72,10.86,8833.25,-99.59,0,8730.73
2004-11-01,694.48,270.01,309.22,2.03,11.07,95.09,7.05,172.34,91.61,38.88,33.93,7.92,29.93,80.82,47.95,32.88,7455.39,910.65,524.57,55.59,1464.87,978.38,357.47,625.7,134.86,545.87,228.05,661.85,320.83,62.47,47.94,54.2,115.94,366.17,139.2,22.55,8594.71,-87.58,0,8503.51
2004-12-01,705.95,262.25,323.62,3.52,14.23,95.71,6.63,166.52,83.63,42.7,32.76,7.43,32.08,154.46,122.21,32.25,7250.05,899.09,601.35,70.1,1483.73,879.03,383.59,639.53,104.38,554.98,174.21,579.52,238.42,56.99,49.09,49.91,113.72,372.42,143.77,13.56,8466.38,-80.78,0,8376.2
2005-01-01,607.44,218.28,295.39,2.88,11.98,73.42,5.49,136.58,59.9,42.71,27.42,6.55,21.19,97.89,72.81,25.08,6751.59,804.34,507.37,67.88,1321.74,830.04,349.88,544.97,96.58,486.04,193.35,693.48,220.14,56.03,43.96,66.27,107.38,362.13,226.29,13.16,7854.13,-179.79,0,7674.32
2005-02-01,559.87,183.68,280.49,1.26,11.32,77.52,5.59,135.16,59.35,40.53,29.04,6.24,27.22,126.93,99.02,27.91,6766.24,801.89,490.05,67.99,1309.39,872.74,375.99,639.23,79.34,537.02,281.76,589.92,147.24,42.24,45.47,51.34,97.29,337.35,139.44,15.78,7770.63,-100.51,0,7670.13
2005-03-01,613.75,190.62,296.58,4.12,14.75,99.8,7.89,150.43,62.32,45.39,34.39,8.33,36.05,79.5,57.69,21.81,8471.97,1006.15,543.35,92.67,1783.63,1119.59,452.17,781.78,157.31,679.82,223.06,737.25,198.31,47.48,55.61,65.84,114.83,413.13,243.17,14.28,9609.15,-178.94,0,9427.26
2005-04-01,518.98,163.53,237.57,12.09,19.07,79.31,7.41,134.69,54.24,41.77,32.48,6.2,31.09,59.02,34.7,24.32,7369.97,918.12,479.64,66.08,1489.18,911.06,391.42,702.34,134.89,582.6,173.18,664.93,207.7,48.95,53.13,59.62,98.33,388.82,144.29,9.1,8267.14,-84.31,0,8177.28
2005-05-01,622.21,231.3,246.37,10.77,21.27,104.97,7.53,151.55,70.29,40.61,34.46,6.19,24.94,27.9,,27.9,8127.39,1024.06,548.01,77.1,1557.53,1042.89,425.99,834.09,136.39,662.15,210.66,668.16,246.47,45.99,52.19,59.04,113.43,423.27,195.99,0,9149.98,-131.41,0,9018.57
2005-06-01,533.49,197.56,232.49,9.7,13.25,72.1,8.39,176.36,91.69,44.51,34.02,6.15,29.41,55.2,22.32,32.87,8273.85,994.28,592.84,78.64,1642.77,1015.52,421.68,827.12,126.96,712.23,203.46,719.72,199.27,68,54.01,75.6,113.03,428.72,192.54,23.61,9284.46,-109.13,0,9175.24
2005-07-01,585.03,150.37,293.44,8.4,27.72,96.2,8.91,206.84,119.54,47.25,34.43,5.62,29.36,283.55,255.17,28.38,8230.68,984.92,619.65,77.91,1556.8,909.39,391.96,827.79,195.91,693.14,233.55,678.99,320.51,64.3,58.31,72.88,107.28,437.4,204.28,16,9555.74,-140.12,0,9414.95
2005-08-01,704.58,195.49,369.03,8.93,36.43,83.84,10.86,186.17,111.71,43.54,24.63,6.28,26.83,283.29,263.6,19.68,8811.12,1007.85,628.93,78.38,1795.53,909.25,386.98,914.23,159.49,672.01,218.13,745.08,517.4,79.88,55.58,76.73,112.76,452.91,163.97,12.9,10188.86,-113.73,0,10074.82
2005-09-01,668.32,204.68,364.18,3.49,15.3,70.97,9.71,177.14,99.16,41.78,29.56,6.63,28.5,160.61,135.12,25.5,9183.97,1008.24,624.09,73.26,2020.87,940.41,448.46,895.79,135.67,661.95,309.58,820.03,447.41,78.58,56.89,89.72,117.02,456,221.14,11.59,10451.27,-163.79,0,10284.86
2005-10-01,630.35,183.67,346.16,2.12,13.66,74.07,10.67,166.5,91.35,40.47,28.7,5.98,19.92,201.46,173.5,27.96,8370.62,948.58,536.38,60.12,1853.05,848.17,420.88,917.71,192.62,612.37,277.58,721.83,271.94,55.24,56.38,66.34,115.42,416,162.73,23.72,9575.3,-109.8,0,9465.08
2005-11-01,719.11,216.47,393.37,1.18,16.48,83.2,8.4,169.42,89.92,43.63,29.45,6.42,25.67,181.02,149.19,31.84,8442.66,1002.35,559.08,72.16,1916.15,842.14,444.04,875.79,147.29,623.03,267.43,721.1,284.2,46.25,53.02,67.38,121.13,400.13,282.94,14.59,9835.41,-167.89,0,9666.28
2005-12-01,665.01,193.34,354.86,1.47,16.26,90.85,8.23,155.52,76.29,45.45,28.16,5.62,24.59,139.3,124.84,14.46,8241.53,932.37,609.52,86.31,1881.64,861.48,396.66,765.64,110.84,614.83,227.41,759.31,299.15,51.78,57.42,65.18,107.22,414.79,160.12,23.51,9409.59,-95,0,9313.21
2006-01-01,683,183.97,372.76,2.11,12.77,105.31,6.07,134.2,62.1,40.88,25.54,5.68,18.26,175.36,155.61,19.75,7681.13,857.3,515.16,75.43,1708.7,854.69,344.53,761.85,94.51,569.22,190.55,688.17,358.67,52.15,48.08,63.58,102.82,395.71,241.41,13.04,8946.4,-140.77,0,8765.43
2006-02-01,757.29,196.49,421.8,3.66,11.09,116.35,7.9,142.19,65.25,42.51,27.71,6.72,28.4,106.22,82.14,24.08,8282.29,957.78,547.2,78,1748.91,910.9,394.55,965.64,135.51,639.05,195.51,689.69,317.39,59.9,55.75,75.11,104.17,407.23,178.95,18.78,9514.11,-91.17,0,9392.04
2006-03-01,772.41,179.52,457.33,3.68,15.21,107.66,9.01,179.5,83.72,49.7,38.05,8.04,31.8,155.55,129.67,25.88,9636.96,1116.02,619.49,73.37,2030.52,1151.74,504.26,1052.74,113.6,732.54,320.61,761.15,332.59,68.2,62.02,83.72,117.79,496.58,310.94,11.15,11098.32,-238.27,0,10826.42
2006-04-01,652.2,178.22,359.32,7.62,17.3,82.26,7.47,146.58,66.54,40.56,32.41,7.08,27.8,99.58,80.66,18.92,7948.57,919.56,458.6,62.37,1662,996.03,436.11,772.84,80.48,585.99,207.45,754.43,320.23,61.6,56.09,62.06,92.75,419.98,304.53,26.7,9205.96,-84.26,0,9089.88
2006-05-01,765.1,217.33,397.93,16.29,26.87,100.32,6.35,168.48,82.6,42.46,36.37,7.05,35.74,187.07,168.08,18.99,9445.19,1119.37,582.8,81.83,1987.11,1057.97,502.35,975.57,142.5,695.94,252.6,822.38,425.38,70.05,65.18,72.67,110.98,480.5,221.15,12.79,10835.51,-163.6,0,10632.43
2006-06-01,743.65,171.54,428.53,12.35,23.6,98.86,8.77,189.58,102.04,46.37,34.49,6.68,29.69,155.06,139,16.07,9624.38,1157.97,621.82,83.47,1980.76,1090.54,514.14,989.09,260.77,762.56,225.15,812.6,327.08,73.28,65.29,70.52,110.14,479.21,195.67,18.14,10956.18,-193.68,0,10722.6
2006-07-01,959.6,272.17,518.86,16.45,25.72,120.66,5.74,205.36,124.75,46.37,28.41,5.84,27.22,173.68,159.88,13.8,9614.25,1156.7,596.84,80.4,1873.49,966.37,637.71,876.35,218.98,738.98,251.55,820.94,587.15,74.74,65.71,78.93,103.62,485.76,160.58,13.45,11154.15,-111.73,0,11001.42
2006-08-01,874.9,170.59,552.29,8.72,29.68,105.55,8.06,223.39,145.43,43.81,27.42,6.73,29.78,129.43,110.17,19.26,10378.68,1183.59,641.55,87.91,2192.15,1054.37,648.35,1068.84,179.24,716.78,262.25,914.91,559.51,79.87,64.75,93.6,112.18,518.85,206.58,14.58,11857.34,-129.24,0,11673.7
2006-09-01,860.99,223.9,493.84,6.39,15.98,113.55,7.32,208.4,129.4,41.81,30.63,6.56,36.15,165.39,148.02,17.37,10513.39,1257.04,602.36,78.77,2185.86,1138.76,637.87,1074.29,196.28,815.01,324.5,832.78,496.77,87.34,60.12,84.49,117.98,523.18,251.09,13.98,12049.39,-264.94,0,11761.85
2006-10-01,857.85,248.61,468.02,2.01,14.93,116.76,7.52,203.33,120.98,42.51,33.27,6.57,31.17,143.78,113.66,30.12,10049.45,1212.89,559.16,70.52,2218.69,1114.22,583.4,1036.95,107.5,772.96,305.74,834.53,409.69,75.07,62.66,84.57,117.04,483.84,202.4,12.23,11500.21,-134.68,0,11322.95
2006-11-01,889.63,270.38,477.09,1.93,15.87,115.98,8.38,197.27,110.38,48.98,31.29,6.61,31.32,220.18,202.98,17.2,10286.77,1257.11,588,79.49,2246.2,1038.03,618.88,1121.87,112.66,745.15,300.36,948.42,376.85,88.29,62.89,85.1,123.38,494.08,230.21,16.94,11872.31,-103.75,0,11731.25
2006-12-01,869.2,254.86,446.59,2.77,14.36,142.48,8.15,176.32,94.26,44.7,30.75,6.61,39.06,88.24,70.75,17.49,9585.73,1135.27,595.07,74.5,2115.06,934.45,541.04,1093.99,106.06,738.55,231.75,850.62,363.82,81.05,62.6,76.23,108.68,476.99,188.17,13.12,10959.84,-124.3,0,11021.38
2007-01-01,794.41,196.25,407.26,2.6,16.82,164.96,6.53,164.39,83.47,43.2,31.48,6.24,27.88,127.94,104.23,23.71,9124.69,1107.91,535.76,79.07,1688.97,1070.91,575.71,1084.9,143.46,736.9,219.31,781.7,348.26,73.02,59.16,84.88,97.16,437.61,226.04,17.23,10482.58,-294.38,0,10188.2
2007-02-01,832.39,220.06,432.47,2.03,15.72,153.01,9.11,184.86,80.85,46.01,52.07,5.92,33.21,108.99,89.92,19.07,9691.03,1151.02,534.64,79,2032.32,1113.34,541.15,1205.26,141.32,747.09,231.4,767.15,309.52,81.21,66.13,90.63,113.37,486.47,292.15,17.13,11159.76,-259.81,0,10899.95
2007-03-01,878.13,218.64,474.13,4.71,17.74,152.64,10.26,199.52,93.67,56.56,41.95,7.34,36.75,95.45,75.21,20.24,11441.18,1403.01,611.07,85.68,2351.68,1344.45,863.35,1279.13,160.93,842.18,286.74,869.45,378.72,101.27,74.21,99.77,126.63,562.94,244.08,15.59,12910.7,-293.24,0,12617.46
2007-04-01,788.53,237.68,386.41,13.15,22.52,121.5,7.28,169.83,77.95,49.99,34.42,7.48,30.36,113.94,87.83,26.11,9480.53,1231.95,492.32,63.7,1859.22,1114.6,588.88,1017.65,211.36,675.45,209.87,834.12,364.32,83.82,69.94,86.02,94.91,482.42,243.87,23.91,10850.97,-231.96,0,10619.01
2007-05-01,860.09,287.17,390.01,10.87,22.9,141.51,7.64,197.83,101.03,51.19,37.8,7.8,34.35,144.43,102.36,42.08,11229.73,1319.18,616.81,88.11,2119.74,1299.72,706.05,1351.98,203.24,826.53,254.65,996.84,459.64,97.48,81.98,102.83,118.66,586.27,273.06,13.22,12752.7,-208.57,0,12544.13
2007-06-01,867.35,266.58,441.32,9.99,16.88,122.76,9.82,218.74,122.91,47.97,42.12,5.74,31.57,140.12,89.43,50.69,11286.14,1331.14,654.3,95.96,2195.14,1187.68,713.21,1399.02,131.18,951.11,282.7,900.49,427.73,91.09,81.56,108.28,118.1,617.45,229.52,18.42,12791.86,-210.54,9.14,12590.46
2007-07-01,870.6,242.09,473.97,9.01,25.67,111.23,8.64,218.82,133.28,48.25,29.85,7.44,30.6,153.14,89.8,63.33,10530.56,1214.96,586.8,83.26,2078.86,1160.3,610.37,1337.64,129.4,803.2,246.96,971.87,375.34,82.77,77.62,95.28,106.88,569.04,157.8,12.54,11974.06,-120.23,0,11853.83
2007-08-01,954.26,251.84,522.72,13.03,40.41,115.32,10.93,236.56,142.77,55.98,31.96,5.86,35.6,159.8,122.75,37.05,12451.19,1369.15,674.02,90.51,2438.59,1314.54,743.59,1462.2,169.61,1209.19,280.23,1088.48,495.38,91.77,79.04,113.37,129.78,701.73,189.91,15.92,14043.24,-139.47,0,13903.78
2007-09-01,892.75,284.33,467.03,5.9,22.99,101.3,11.19,218.02,130.38,50.62,30.67,6.35,32.21,131.31,111.49,19.82,11731.79,1300.47,590.44,67.18,2490.19,1206.11,642.85,1450.38,135.27,859.08,496.22,946.97,518.49,86.84,78.31,96.81,121.01,645.17,558.69,10.05,13574.82,-180.33,0,13394.49
2007-10-01,1091.81,424.72,511.01,0.58,23.51,113.38,18.62,216.82,119.88,56.08,33.71,7.16,37.37,117.59,91.61,25.98,12986.33,1425.34,600.15,72.12,2591.18,1238.03,701.26,1531.53,101.17,1484.81,454,1093.88,603.24,107.63,81.6,115.64,125.41,659.34,362.16,5.25,14817.34,-187.68,0,14629.66
2007-11-01,1102.1,391.19,551.98,1.86,23.02,121.61,12.44,215.03,115.23,59.68,32.91,7.22,34.3,150.36,124.32,26.04,13072.26,1441.95,616.12,87.45,2477.69,1211.6,778.39,1562.19,223.94,1381.21,394.2,1075.14,700.76,110,74.06,101.56,122.32,713.69,346.2,7.48,14927.72,-292.63,0,14635.09
2007-12-01,1220.65,446.93,581.75,0.88,22.07,156.96,12.06,187.47,92.92,58.03,28.25,8.27,31.59,89.7,70.22,19.48,11936.75,1323.82,606.49,80.62,2475.25,1215.01,635.11,1430.64,157.19,904.78,397.7,968.33,655.49,118.58,77.09,99.76,112.58,678.3,110.18,5.39,13581.74,-199.45,0,13382.29
2008-01-01,1254.59,435.19,615.54,2.1,20.79,169.66,11.31,175.04,78.9,59.78,28.79,7.58,30.78,184.74,156.06,28.67,12171.5,1400.63,591.86,83.16,2304.87,1217.62,626.34,1578.37,291.53,888.94,350.29,959.93,769.74,113.23,79.71,105.87,109.91,699.49,447.87,3.13,14267.65,-382.81,0,13884.85
2008-02-01,1091.09,352.95,551.9,1.92,17.65,155.46,11.21,167.48,71.28,57.29,29.07,9.85,32.61,158.36,137.65,20.7,11563.34,1364.31,588.72,71.82,2081.76,1270.6,667.6,1538.26,138.02,880.61,273.13,948.32,674.79,103.59,74.57,102.62,111.29,673.34,219.2,4.58,13236.66,-213.3,0,13023.37
2008-03-01,1339.36,533.36,587.47,4.53,22.3,179.68,12.01,195.68,86.01,65.25,33.38,11.05,39.12,94.92,65.49,29.43,13167.45,1568.36,601.33,71.17,2417.38,1420.66,706.03,1649.23,159.83,1079.54,606.31,1055.57,678.27,108.97,88.65,112.81,117.33,726.02,179.24,4.48,15020.25,-253.45,10.1,14776.9
2008-04-01,1274.55,563.83,512.14,20.84,23.01,143.4,11.33,193.68,79.09,70.51,33.91,10.17,37.54,222.72,194.6,28.11,12268.45,1554.1,580.52,76.86,2158.05,1290.87,706.07,1455.81,239.99,893.17,340.4,1048.52,837.09,99.22,82.3,117.55,106.92,681.02,108.78,1.58,14107.29,-359.33,0,13747.97
2008-05-01,1371.68,655.73,519.35,22.37,32.04,126.73,15.45,227.03,104.34,68.75,44.55,9.39,40.87,140.26,113.73,26.53,13873.73,1715.89,643.46,95.36,2391.19,1424.7,820.12,1790.41,167.08,1041.17,419.87,1195.88,940.21,105.29,89.88,114.83,122.33,796.07,226.46,0.16,15880.2,-170.18,0,15710.02
2008-06-01,1541.53,805.01,557.22,11.83,23.19,126.47,17.81,227.44,118.81,65.68,34.41,8.55,36.78,202.5,173.27,29.23,14160.39,1727.1,641.2,96.91,2421.67,1391.26,751.49,1671.99,86.12,1220.46,363.52,1172.84,908.82,89.43,87.29,673.05,113.3,743.94,484.67,0.21,16653.51,-128.6,0,16524.91
2008-07-01,1711.21,755.65,719.96,10.53,39.38,163.7,22.01,266.73,153.06,69.05,36.79,7.83,35.6,231.3,203.44,27.86,14576.61,1824.64,678.77,92.41,2336.64,1413.54,871.51,1909.71,202.57,1062.61,367.77,1260.74,1332.2,98.53,87,132.36,118.34,787.29,547.81,1.05,17370.32,-171.82,0,17198.5
2008-08-01,1463.4,553.71,705.4,9.61,27.77,144.12,22.8,260.28,156.45,68.2,28.41,7.22,43.39,248.31,211.09,37.23,14138.67,1759.31,665.68,77.36,2439.01,1328.39,791.59,2038.31,201.89,1056.81,390,1196.25,980.71,113.54,82.21,125.9,120.09,771.62,115.11,0.06,16269.23,-205.8,0,16063.43
2008-09-01,1396.81,513.05,727.99,6.13,19.46,106.8,23.39,240.91,146.57,56.81,30.38,7.15,39.23,151.49,125.89,25.61,13976.41,1662.29,615.14,69.13,2550.31,1333.09,892.65,1891.51,166.44,1134.79,609.53,1069.06,788.67,123.62,85.13,121.82,119.2,744.01,486.26,2.38,16293.5,-202.16,0,16091.34
2008-10-01,1243.9,437.8,639.93,3.45,20.93,119.35,22.43,253.16,142.29,71.48,32.51,6.87,43.43,186.63,162.05,24.58,13172.55,1718.87,613.94,75.41,2305.43,1234.26,847.65,1551.93,259.89,1094.42,426.78,1050.43,763.11,147.81,83.75,124.35,124.96,749.56,366.73,0.05,15266.44,-267.83,0,14998.61
2008-11-01,744.06,249.54,366.61,2.06,16.13,91.39,18.33,218.87,114.5,68.28,30.52,5.56,30.54,126.61,99.36,27.25,10508.39,1450.26,523.1,78.45,1781.15,987.44,656.79,1474.98,106,941.74,355.58,716.28,446.38,108.21,74.11,106.95,102.17,598.8,180.25,0.08,11808.8,-111.69,0,11697.11
2008-12-01,775.97,348.38,288.31,1.93,21.12,95.8,20.44,188.55,97.78,59.43,24.94,6.4,25.96,119.77,94.66,25.1,9670.56,1336.97,563.99,82.74,1609.6,845.86,635.25,1158.85,107.05,847.88,284.35,676.66,511.62,93.84,86.75,108.65,92.65,627.88,822.64,0.34,11603.78,-87.7,0,11516.09
2009-01-01,752.95,332.19,299.66,3.5,21.16,80.2,16.24,153.69,72.6,51.43,22.32,7.34,21.99,111.68,94.95,16.73,8614.48,1210.59,527.23,74.11,1314.14,809.02,501.51,1082.16,132.42,750.38,243.91,658.49,406.8,49.68,86.84,104.18,77.44,585.58,833.12,0.04,10487.97,-44.52,0,10443.44
2009-02-01,880.83,381.62,343.86,7.94,17.69,110.67,19.05,160.56,75.72,52.52,25.21,7.1,28.57,77.18,50.48,26.69,8641.63,1294.3,494.73,67.22,1413.05,794.42,491.55,1076.2,148.86,706.09,273.41,710.33,283.51,63.55,87.32,107.4,76.95,552.74,1905.93,0.05,11694.75,-105.75,0,11589
2009-03-01,895.71,426.3,307.51,3.74,22.04,118.4,17.72,168.34,83.93,50.87,25.87,7.67,31.78,67.37,37.23,30.15,10020.71,1443.6,506.22,64.39,1740.01,1015.22,737.37,1079.26,127.67,750.23,451.98,834.07,292.89,71.55,97.41,112.01,82.62,614.19,348.13,0.02,11532.06,-63.51,0,11468.55
2009-04-01,766.03,379.86,233.89,7.97,20.57,108.24,15.51,174.75,88.53,51.9,26.44,7.89,36.34,146.72,115.29,31.43,9193,1419.37,486.03,57.36,1648.54,926.47,469.88,823.19,158.18,694.25,207.17,881.78,485.86,100.67,89.19,101.23,76.38,567.45,107.92,0.05,10424.82,-72.44,0,10352.38
2009-05-01,815.31,405.9,228.33,24.34,39.76,101.57,15.41,209.52,114.44,56.38,31.36,7.34,38.17,120.53,92.98,27.55,10195.96,1486.01,520.72,71.29,1828.92,986.68,698.27,1094.73,95.12,808.28,288.39,865.78,516.04,91.58,91.47,101.53,81.95,569.22,268.66,0.69,11648.83,-31.15,0,11617.68
2009-06-01,995.03,515.96,284.41,23.28,28.01,123.81,19.56,217.36,127.37,53.17,29.72,7.1,39.19,98.84,77.85,20.99,10787.23,1546.38,564.74,77.64,1995.91,1069.23,580.04,1067.13,173.6,848.47,324.92,967.42,571.12,96.34,94.84,118.31,90.23,600.9,191.4,0.25,12329.3,-90.69,0,12238.6
2009-07-01,962.4,405.13,327.7,19.87,59.73,127.08,22.88,251.2,156.3,57.52,30.69,6.68,46.56,172.68,147.56,25.12,11278.75,1590.39,616.98,81.46,1929.03,1162.91,633.02,1158.26,122.45,882.89,284.71,1008.03,685.89,125.68,95.38,150.47,93.8,657.4,194.04,0.7,12906.32,-47.13,0,12859.19
2009-08-01,1003.73,433.94,336.3,12.99,64.01,134.55,21.95,230.53,145.46,51.69,25.76,7.61,43.92,85.03,62.74,22.29,11561.68,1533.08,540.25,67.71,2137.03,1115.71,651.83,1289.09,111.7,870.11,287.31,1020.15,747.33,172.25,93.22,153.07,94.82,677.02,353.65,1.48,13280.02,-18.58,0,13261.44
2009-09-01,1040.97,448.54,357.92,3.69,26.32,181.21,23.29,234.13,147.11,53.3,26.63,7.09,48.64,98.02,73.27,24.75,12430.49,1606.46,536.83,53.22,2381.09,1269.84,704.42,1469.42,162.06,944.5,532.53,991.59,613.93,156.17,95.38,138.15,100.43,674.45,1050.79,0.28,14903.31,-72.5,0,14830.81
2009-10-01,1115.06,449.26,426.71,1.63,20.99,191.4,25.06,252.69,158.03,53.51,33.45,7.7,54.51,93.35,68.95,24.4,12742.17,1735.87,578.19,53.54,2167.4,1327.6,735.42,1495.21,185.83,1053.25,421.56,1029.34,728.43,166.15,99.42,154.61,111.86,698.49,555.27,0.27,14813.31,-111.57,0,14701.75
2009-11-01,1186.32,401.92,511.13,4.67,25.84,221.14,21.63,211.82,116.12,62.7,27.13,5.88,47.59,104.26,77,27.26,11972.73,1681.37,531.46,48.05,2193.48,1167.65,644.71,1503.7,106.82,932.71,407.94,974.04,581.81,144.36,91.03,147.73,99.12,716.74,258.15,0.19,13781.06,-9.5,0,13771.56
2009-12-01,1390.89,465.71,648.32,6.2,24.54,224.27,21.86,212.13,114.56,60.99,29.42,7.16,55.65,170.13,140.04,30.09,12694.42,1684.98,629.86,77.64,2363.03,1199.76,740.78,1520.75,122.27,995.02,300.15,1087.88,753.55,131.97,92.72,143.51,107.05,743.51,97.38,0.13,14620.73,8.64,0,14629.37
2010-01-01,1339.41,449.66,667.95,2.13,25.61,176.02,18.03,186.4,99.48,54.56,24.82,7.54,43.39,72.23,45.11,27.12,11769.22,1584.87,571.38,63.49,2207.32,1184.8,701.41,1521,95.14,1117.2,305.74,1012.82,438.87,114.11,97.11,136.44,93.23,524.29,77.66,0.11,13488.42,17.95,0,13506.37
2010-02-01,1245.66,391.26,630.98,2.3,22.8,182.09,16.23,187.46,100.53,51.11,26.16,9.66,51.17,78.33,48.35,29.98,12382.05,1817.48,572.08,58.94,2081.06,1244.94,692.15,1849.74,175.02,1039.66,301.21,989.58,558.12,104.36,95.08,147.26,99.19,556.18,268.59,0.16,14213.42,-46.79,0,14166.64
2010-03-01,1391.66,478.09,627.49,4.14,26.78,234.12,21.04,214.32,120.76,53.59,31.15,8.81,68.63,104.11,70.45,33.66,14144.14,2147,631.58,55.09,2530.23,1402.32,789.83,1901.23,120.03,1171.76,626.82,1154.89,517.49,98.86,102.33,180.72,110,603.96,219.67,0.16,16142.69,-54.47,0,16088.22
2010-04-01,1072.52,343.34,439.39,21.4,31.82,220.04,16.53,184.01,99.16,44.88,33.31,6.66,52.91,113.14,86.1,27.04,11503.48,1712.58,501.42,41.39,1697.35,1160.01,615.19,1530.09,314.53,926.66,215.01,1163.95,713.47,118.33,75.97,149.09,85.5,482.94,1037.95,0.05,13964.05,-159.43,0,13804.62
2010-05-01,1175.65,359.12,533.16,22.36,47.98,193.2,19.83,219.37,128.29,51.67,32.09,7.32,66.49,100.98,71.53,29.45,13449.77,1892.48,606.88,62.23,2228.82,1490.23,628.57,1843.49,128.9,1148.06,368.02,1183.44,730.13,162.4,100.89,163.01,99.84,612.37,1435.68,0.05,16447.98,-23.64,0,16424.34
2010-06-01,1295.71,407.5,652.7,6.1,23.84,184.93,20.65,281.58,178.97,62.97,31.67,7.97,81.79,103.62,64.3,39.31,15183.24,2123.16,735.9,83.32,2620.16,1602.7,743.89,2006.6,150.85,1295.44,447.64,1311.29,771.1,175.65,116.95,187.2,121.6,689.77,996.3,0.44,17942.68,-71,0,17871.67
2010-07-01,1130.6,303.6,628.78,14.93,42.36,125.61,15.33,259.29,167.44,57.53,26.93,7.39,69.24,148.26,115.4,32.85,13765.36,1831.09,684.1,89.47,2189.53,1460.05,663.74,1821.94,102.05,1350,348.85,1224.55,830.31,153.44,103.3,169.71,109.92,633.3,83.11,0.33,15456.2,-8.26,0,15447.94
2010-08-01,1227.51,353.39,665.24,21.58,36.7,131.91,18.68,251.27,164.23,56.14,23.87,7.03,75.28,84.62,53.51,31.11,14541.97,1762.73,665.77,77.64,2410.66,1465.37,638.72,2147.25,136.57,1495.4,424.99,1271.48,803.68,184.11,104.48,191.93,109.55,651.66,134.92,1.53,16317.1,-55.88,0,16261.22
2010-09-01,1379.48,476.61,687.27,7.32,27.09,161.1,20.09,269.29,176.95,55.77,28.39,8.17,66.13,148.25,104.22,44.03,15319.97,1853.88,684.51,72,2564.15,1505.94,725.62,2125.49,91.77,1313.4,675.07,1312.54,862.95,190.24,119.46,200.54,111.17,911.23,757.06,0.52,17940.7,-15.89,0,17924.81
2010-10-01,1369.63,479.78,697.54,5.86,30.8,130,25.64,288.75,181.17,63.57,35.62,8.4,67.36,77.14,42.69,34.45,14267.36,1784.67,699.49,65.6,2248.6,1441.09,686.62,1976.99,153.94,1344.56,473.62,1284.45,840.54,195.52,106.96,184.62,118.97,661.12,900.32,0.15,16970.71,10.04,0,16980.76
2010-11-01,1591.01,615.54,762.87,4.46,34.27,149.55,24.31,266.11,156.58,68.94,32.6,8,68.09,127.27,84.03,43.24,14645.08,1943.82,679.25,70.85,2322.27,1394.41,720.78,2027.85,110.41,1305.16,498.71,1424.57,839.06,227.23,107.98,195.17,113.78,663.77,741.22,0.36,17439.13,19.51,0,17458.64
2010-12-01,1810.82,683.4,903.01,3.33,37.37,153.29,30.42,265.33,151.64,70.04,34.39,9.25,72.69,90.75,51.75,39,14193.94,1924.02,747.55,79.75,2436.09,1313.31,720.03,1648.32,106.24,1297.49,418.14,1427.49,755.37,183.73,105.41,194.86,112.02,724.11,548.63,0.31,16982.47,-14.73,0,16967.75
2011-01-01,1821.7,519.2,1052.84,1.91,38.57,179.52,29.66,200.51,106.9,60.2,24.95,8.45,55.51,129.16,84.08,45.08,13842.99,1888.13,678.97,67.75,2102.63,1383.57,657.73,2010.49,155.9,1259.55,385.61,1395.55,663.03,178.73,115.59,181.99,96.36,621.41,105.99,0.37,16156.23,-60.78,0,16095.45
2011-02-01,1938.73,484.61,1170.31,1.45,32.72,223.98,25.65,195.99,98.97,59.82,29.15,8.05,68.89,119.89,92.73,27.15,14729.44,2059.72,689.34,69.99,2074.81,1416.27,791.16,2226.52,438.9,1332.08,397.12,1537.04,474.98,194.33,122.61,172.99,102.17,629.41,1303.2,0.23,18356.36,-288.17,0,18068.19
2011-03-01,2364.84,663.98,1365.88,3.7,37.37,264.39,29.53,254.48,134.91,62.71,48.13,8.74,85.84,134.76,102.07,32.69,17385.75,2556.75,811.05,73.22,2602,1725.84,878.27,2292.26,116.31,1473.38,838.02,1800.34,795.7,224.67,128.9,222.57,116.05,730.43,653.9,0.13,20879.7,16.57,0,20896.27
2011-04-01,1615.66,502.57,900.31,25.29,28.55,136.69,22.25,208.26,113.4,55.08,31.76,8.02,78.06,143.77,113.79,29.98,14428.56,2197.85,662.35,68.32,2114.02,1411.11,746.28,1541.63,395.39,1230.66,416.84,1704.63,777.89,146.01,115.64,172.76,95.21,631.96,782.73,0.5,17257.54,-148.68,0,17108.86
2011-05-01,2052.19,714.54,994.29,41.41,35.6,242.54,23.81,237.52,133.15,59.38,36.49,8.49,93.82,128.35,91.08,37.27,16082.52,2632.99,697.5,86.17,2332.7,1602.8,846.22,1529.22,188.22,1333.91,488.09,1844.1,1195.73,191.98,137.8,195.16,103.82,676.09,401.2,0.09,18995.69,2.87,0,18998.56
2011-06-01,1848.56,613.74,969.56,17.85,67.1,154.45,25.87,266.8,152.91,62.24,41.99,9.66,98.18,191.28,153.11,38.18,17269.12,2728.41,764.23,102.78,2595.31,1738.22,834.72,2133.29,217.12,1449.28,538.33,1763.74,1002.47,220.64,127.1,205.17,109.8,738.5,565.6,0.82,20240.37,-111.19,0,20129.19
2011-07-01,1899.1,563.44,1064.19,12.46,68.56,162.36,28.09,276.47,171.65,61.11,34.86,8.84,93.98,127.38,91.01,36.37,17006.03,2432.5,737.2,92.24,2526.94,1767.96,847.7,2176.07,441.03,1444.96,506.98,1686.47,911.73,273.83,131.33,210.33,106.52,712.24,1054.85,0.02,20457.83,-274.03,0,20183.81
2011-08-01,2067.74,590.26,1114.4,26.37,104.68,203.87,28.17,300.32,199.2,61.26,30.61,9.24,109.98,134.79,98.53,36.27,18161.22,2640.58,742.68,89.31,2685.02,1631.38,874.16,2253.54,521.42,1517.35,448.09,1813.8,1451.75,285.83,123.1,227.87,115.11,740.22,452.97,0.1,21227.12,-434.45,0,20792.67
2011-09-01,1821.46,447.23,1089.22,10.39,60.86,182.29,31.46,286.41,181.22,60.04,34.15,11,108.47,181.47,152.08,29.4,18192.98,2517.57,722.17,83.92,2638.52,1707.47,822.39,2589.78,154.5,1529.98,872.05,1732.7,1323.23,236.13,135.3,229.7,120.06,777.51,153.07,0.04,20743.9,-98.26,0,20645.64
2011-10-01,1950.81,457.14,1114.69,6.7,165.4,166.05,40.83,294.88,178.45,69.61,36.77,10.06,100.56,181.32,134.37,46.95,13979.77,2228.88,630.21,60.37,1798.28,1256.59,670.8,1792.37,188.8,1265.84,489.33,1621.39,786.55,160.05,91.46,241.05,101.67,596.12,383.15,1.99,16892.49,220.72,0,17113.21
2011-11-01,1691.93,485.33,946.65,4.27,53.89,164.49,37.29,282.96,169.07,68.06,33.97,11.87,101.24,149.22,119.18,30.04,12577.91,2229.23,575.27,57.63,1163.35,1175.11,753.01,1063.18,160.97,1435.55,487.91,1581.14,903.84,47.72,79.75,175.67,102.09,586.51,610.03,0.2,15413.48,-38.58,0,15374.9
2011-12-01,1664.1,390.25,915.19,3.78,62.11,253.83,38.93,255.08,146.56,64.07,32.54,11.9,77.52,175.49,146.81,28.68,13632.7,2272.68,623.08,74.64,1602.29,1149.12,686.82,1646.43,148.69,1306.14,413.06,1646.14,1027.89,49.24,77.43,199.54,101.89,607.64,150.08,0.07,15955.03,37.25,0,15992.28
2012-01-01,1419.26,313.04,835.97,3.61,55.23,177.43,33.98,192.85,100.63,58.81,24.62,8.79,70.96,170.07,143.34,26.73,13109.87,2147.78,551.68,57.08,1508.01,1154.08,603.43,1831.62,158.64,1206.17,381.36,1456.76,1010.05,95.73,83.78,196.19,83.38,584.13,701.11,72.24,15736.35,-69.66,0,15666.69
2012-02-01,1639.17,400.24,897.81,2.45,43.78,251.72,43.17,223.04,105.8,69.7,37.12,10.42,96.62,228.99,192.09,36.89,15933.26,2535.21,617.26,60.87,1883.18,1291.85,741.91,2368.9,363.16,1370.12,776.7,1576.87,1102.14,169.67,97.98,223.81,99.85,653.78,902.03,14.05,19037.15,-226.31,0,18810.84
2012-03-01,1440.13,308.76,901.41,8.91,44.03,136.92,40.1,245.02,117.17,71.95,44.21,11.69,119.73,153.66,120.18,33.47,17720.3,2625.86,676.5,59.23,2918.35,1496.81,849.99,2491.23,181.46,1559.89,558.91,1782.34,1137.99,202.68,104.79,224.64,109.04,740.61,167.95,19.46,19866.24,-5.64,0,19860.61
2012-04-01,1382.68,341.96,701.49,39.98,61.95,209.89,27.39,211.02,107.9,58.64,35.04,9.43,99.51,221.04,188.52,32.52,14719.51,2362.14,528.93,47.32,2210.93,1335.23,678.83,1886.4,234.09,1356.74,366.54,1537.2,979.59,225.44,94.65,200.59,82.44,592.44,256.53,9.26,16899.53,-117.36,0,16782.17
2012-05-01,1573.25,506.92,721.26,40.49,62.99,206.66,34.93,269.33,154.12,64.92,41.79,8.5,94.13,194.99,156.76,38.23,18621.27,2964.27,630.04,76.76,2606.41,1693.58,877.44,2612.78,350.01,1603.62,550.63,1845.92,1339.3,289.37,105.53,228.02,106.23,741.38,158.06,16.87,20927.91,-224.52,0,20703.39
2012-06-01,1182.81,305,653.15,15.91,33.15,137.92,37.68,254.29,143.6,63.24,38.92,8.53,71.71,148.44,115.67,32.77,17313.05,2540.7,630.29,79.27,2573.63,1629.71,846.14,2457.19,218.47,1587.84,546.99,1712.37,1078.22,264.19,114.9,206.36,103.13,723.65,772.01,16.9,19759.2,-136.91,0,19622.29
2012-07-01,1403.25,401.18,704.48,16.23,90.19,157.96,33.2,259.08,149.76,66.41,33.37,9.54,91.81,192,156.76,35.24,16760.59,2569.91,634.12,75.95,2183.66,1489.05,966.9,2613.94,175.35,1456.98,393.87,1763.02,923.08,287.4,115.45,242.28,103.17,766.45,602.22,41.72,19350.67,-189.23,0,19161.44
2012-08-01,1405.57,360.32,622.99,26.94,87.26,262.02,46.04,226.77,124.61,64.61,29.61,7.94,84.88,136.94,109.66,27.28,16595.46,2535.88,635.34,57.2,2257.52,1478.48,1012.86,2378.04,108.68,1469.45,429.11,1711.79,1093.07,215.54,113.58,239.21,108.29,751.42,1220.36,26,19695.99,-56.07,0,19639.92
2012-09-01,1210.01,290.82,642.17,19.73,48.09,151.82,57.38,238.17,131.79,66.83,30.29,9.26,90.19,127.22,93.97,33.25,17213.85,2238.16,590,50.08,2264.29,1460.51,1038.65,2746.65,322.42,1468.1,851.67,1645.76,1206.25,202.91,118.4,198.64,102.99,708.39,1738.63,27.7,20645.77,-171.89,0,20473.88
2012-10-01,1600.79,590.55,667.89,7.45,45.49,219.43,69.99,250.76,135.24,69.55,38.34,7.63,106.41,156.74,123.29,33.45,17003.86,2433.8,611.75,55.48,2115.19,1484.24,1138.85,2536.43,367.89,1446.44,552.77,1677.54,1106.32,268.06,129.67,235.66,111.7,732.07,366.88,36.27,19521.72,-229.24,0,19292.47
2012-11-01,1481.37,466.96,665.74,6.05,59.84,234.92,47.87,254.98,143.67,70.3,33.23,7.78,90.95,209.35,177.43,31.92,17120.69,2379.1,621.73,59.68,2268.04,1408.72,1330.41,2513.18,197.49,1430.58,614.07,1734.31,1155.71,238.18,120.03,218.55,116.15,714.77,379.35,13.94,19550.64,-40.93,0,19509.7
2012-12-01,1451.68,341.79,731.37,12.99,73.05,229.52,62.96,221.3,116.98,57.31,38.63,8.38,69.26,116.27,84.53,31.74,16129.43,2196.26,603.4,58.66,2249.98,1343.36,1155,2913.85,118.46,1280.28,384.16,1625.37,963.84,160.73,118.37,191.77,103.07,662.86,81.68,23.48,18093.09,38.71,0,18131.81
2013-01-01,1609.9,410.9,813.5,14.24,83,221,67.27,182.82,96.31,50.9,28.43,7.17,80.77,128.1,93.29,34.8,16181.34,2305.15,623.05,61.4,2040.02,1363.82,1195.1,2492.11,305.33,1325.98,441.91,1789.13,952.93,155.15,127.29,218,104.39,680.58,72,13.65,18268.57,-155.81,0,18112.75
2013-02-01,1450.24,318.8,791.51,6.74,38.19,238.55,56.45,171.63,83.06,50.62,28.8,9.16,98.16,175.39,142.21,33.18,15847.43,2304.39,595.36,55.34,1963.09,1403.83,1223.96,2465.41,167.05,1303.84,456.98,1706.56,937.14,145.11,129.29,228.66,98.32,663.08,172.83,11.97,17927.66,35.65,0,17963.31
2013-03-01,1551.45,379,801.37,11.33,52.76,251.76,55.23,186.49,82.82,59.34,35.15,9.17,108.92,160.79,125.4,35.39,18431.77,2626.49,651.31,58.44,2428.91,1632.98,1004.36,2862.8,312.03,1636.49,820,1892.1,1155.72,157.98,132.21,228.67,101.56,729.73,130.39,12.92,20582.72,-59.4,0,20523.32
2013-04-01,1280.51,313.02,644.49,35.41,46.54,185.46,55.59,152.87,63.28,51.74,28.68,9.16,110.5,171.96,138.97,32.99,15484.06,2449.83,572.4,53.79,2104.05,1414.95,779.39,2265.37,125.27,1343.4,454.99,1723.87,901.69,227.23,124.01,201.22,94.18,648.43,190.81,9.56,17400.28,19.63,0,17419.91
2013-05-01,1309.94,375.49,562.6,15.58,64.79,244.32,47.15,188.4,83.91,61.05,32.71,10.73,110.86,116.39,79.11,37.28,17772.41,2684.75,681.76,76.69,2247.7,1619.7,934,2767.4,290.07,1578.28,537.16,1921.71,933.32,234.21,134.24,238.81,116,776.63,312.36,15.73,19826.09,-153.78,0,19672.31
2013-06-01,1146.41,304.7,519.49,36.02,77.42,165.44,43.33,161.02,69.65,51.89,28.86,10.61,99.75,110.9,75.43,35.46,17172.52,2475.75,658.18,70,2338.58,1537.65,853.44,2768.4,281.72,1527.25,583.43,1778.17,904.84,189.71,125.45,221.7,106.18,752.06,387.34,19.86,19097.81,-123.92,0,18973.89
2013-07-01,1395.96,436,560.36,33.03,57.89,259.77,48.92,151.85,70.32,47.14,25.66,8.73,118.43,139.23,109.86,29.37,16617.35,2375.2,660.99,64.82,2240.22,1485.9,854.68,2528.26,218.46,1565.78,475.94,1748.99,1010.7,203.84,132.61,203.63,103.1,744.24,528.45,107.06,19058.33,-101.3,0,18957.03
2013-08-01,1283.78,361.32,574.35,20.18,90.24,193.93,43.75,175.61,91.99,50.09,23.95,9.58,115,101.25,68.57,32.68,17627.2,2394.78,673.43,57.41,2273.59,1491.66,850.63,2777,364.84,1574.83,467.67,1875.1,1414.18,194.53,130.08,226.06,109.79,751.62,1141.21,13.96,20457.99,-317.51,0,20140.48
2013-09-01,1286.9,316.46,615.89,41.71,62.26,196.8,53.78,191.27,100.96,52.43,26.73,11.15,101.71,64.94,33.98,30.96,17246.61,2306.04,603.5,42.86,2356.76,1484.06,783.27,2992.43,102.57,1461.16,889.92,1702.95,1106.74,231.65,130.35,222.82,104.19,725.32,385.98,18.49,19295.91,23.37,0,19319.28
2013-10-01,1524.81,441.35,729.29,18.22,48.94,237.25,49.76,207.24,107.94,53.62,33.28,12.41,117.66,153.87,116.45,37.42,17004.27,2459.01,632.71,55.39,2186.75,1487.33,771.67,2628.65,318.34,1547,543.12,1747.24,1128.73,237.79,138.17,231.54,112.67,778.15,371.15,13.76,19392.77,-203.72,0,19189.05
2013-11-01,1413.26,347.11,753.3,5.19,50.3,207.71,49.65,188.86,96.59,48.75,32.49,11.03,99.64,57.54,27.35,30.19,16803.36,2393.99,626.86,54.46,2233.34,1423.53,778.61,2476.82,136.87,1545.92,590.51,1724.83,1286.16,268.02,131.38,210.61,155.88,765.55,167.96,20.81,18751.43,-21.51,0,18729.92
2013-12-01,1797.76,414.41,867.38,5.43,85.77,376.25,48.53,160.03,72.9,47.81,26.16,13.16,82.68,97.63,59.66,37.97,16065.91,2195.12,617.63,62.39,2253.55,1375.47,733.21,2553.43,118.45,1500.68,432.76,1719.75,1192.36,170.4,125.11,191.8,104.32,719.48,220.69,14.29,18438.98,15.1,0,18454.08
2014-01-01,1524.28,383.29,718.25,7.42,65.32,306.43,43.57,160.29,64.16,55.77,27.05,13.32,82.36,108.21,68.97,39.24,15480.54,2179.47,614.06,58.14,2055.44,1484.22,733.19,2192.25,241.61,1489.08,443.31,1799.74,927.17,150.25,134.48,209.64,98.15,670.32,492.86,14.56,17863.11,-39.88,0,17823.23
2014-02-01,1501.87,375,682.19,16.53,51.12,328.05,48.96,156.79,61.6,48.88,31.29,15.01,107.85,45.44,2.84,42.6,15975.66,2165.77,599.19,58.55,2019.77,1514.06,737.43,2892.52,227.11,1507.98,478.53,1733.45,761.07,119.95,132.78,213.82,102.57,711.11,546.23,18.89,18352.71,-20.73,0,18331.98
2014-03-01,1445.89,403.16,632.72,13.49,54.57,284.34,57.61,168.07,63.35,54.15,36.72,13.85,99.97,151.33,111.06,40.27,17502.05,2382.11,632.46,54.48,2246.75,1666.34,788.04,2976.11,122.82,1645.77,872.75,1852.57,885.7,133.15,144.63,222.15,106.23,769.98,362.89,21.92,19752.12,38.09,0,19790.21
2014-04-01,1194.38,364.11,468.16,61.95,51.04,183.58,65.54,162.55,59.51,53.5,36.2,13.34,94.41,87.46,31.4,56.06,15464.37,2246.9,581.65,52.32,1916.61,1500.45,764.4,2261.43,149.25,1617.28,464.7,1825.02,807.3,155.19,133.9,197.9,90.97,699.11,171.93,18.42,17193.53,17.48,0,17211.02
2014-05-01,1308.38,430.87,432.69,70.58,64.77,232.33,77.15,174.74,72.15,54.17,35.35,13.06,107.01,99.61,48.66,50.95,17227.43,2558.38,673.62,77.54,2318.71,1634.6,827.07,2574.85,127.27,1654.64,537.1,1891.62,939.46,166.69,140.19,215.08,108.12,782.48,434.83,28.19,19380.19,34.33,0,19414.52
2014-06-01,1320.7,411.47,411.15,75.59,83.61,259.71,79.18,169.47,69.69,51.11,34.04,14.63,109.24,130.77,93.71,37.07,17550.72,2422.16,675.18,76.31,2256.2,1540.68,838.14,2835.83,331.38,1649.14,662.4,1876.38,991.97,165.02,132.07,218.78,111.98,767.09,406.74,20.09,19707.73,-169.37,0,19538.36
2014-07-01,1366.7,450.14,429.43,78.59,89.59,234.41,84.54,173.6,80.47,50.65,30.36,12.11,97.52,46.37,2.84,43.53,16959.71,2475.98,667.99,70.14,2204.45,1477.07,817.72,2763.71,137.66,1736.01,473.81,1786.49,930.69,180.53,139.04,209.01,112.31,777.11,206.46,42.46,18892.82,-65.83,0,18826.99
2014-08-01,1428.06,472.43,440.73,45.07,127.38,257.99,84.46,173.06,83.49,51.08,26.06,12.44,108.59,92.93,44.56,48.37,16981.92,2323.09,632.67,63.84,2431.48,1407.49,816.81,2548.19,309.6,1576.91,454.6,1814.33,1186.29,192.5,134.81,225,99.97,764.35,132.76,18.55,18935.87,-151.23,0,18784.64
2014-09-01,1297.15,472.29,445.61,9.41,74.69,203.37,91.78,197.6,95.95,59.88,27.05,14.72,118.3,45.25,5.63,39.62,18093.79,2460.32,629.25,57.03,2459.59,1545.7,834.01,2660.78,309.34,1659.03,974.04,1883.51,1159.18,177.68,136.54,214.84,109.23,823.72,125.84,26.75,19904.68,-198.69,0,19705.99
2014-10-01,1445.45,594.5,437.53,1.54,50.85,257.62,103.42,242.2,132.9,61.82,33.15,14.33,123.53,45.08,2.84,42.24,18207.46,2586.34,643.14,69.54,2369.77,1566.04,905.94,2836.85,307.98,1734.72,659.83,1900.7,1019.72,232.13,136.07,210.59,121.54,906.56,130.24,11.23,20205.18,-184.68,0,20020.49
2014-11-01,1182.39,389.34,429.01,2.36,39.59,231.6,90.49,197.9,99.07,55.31,30.07,13.45,103.17,42.53,5.62,36.91,16733,2337.85,602.18,61.85,2316.36,1575.98,727.76,2527.29,366.23,1626.44,671.74,1634.11,841.58,216.26,128.79,184.91,97.7,815.98,265.69,17.25,18541.92,-159.1,0,18382.82
2014-12-01,1667.09,692.11,494.07,4.72,65.18,318.06,92.96,163.86,79.76,55.71,18.08,10.31,112.3,46.18,2.84,43.34,16412.85,2242.52,627.6,64.96,2453.72,1453.86,817.63,2548.53,110.04,1603.28,460.96,1711.34,935.72,156.78,129.55,193.83,97.7,804.82,312.82,17.01,18732.12,75.75,0,18807.87
2015-01-01,1175.59,333.43,426.62,4.89,74.72,235.72,100.21,158.25,70.9,51.39,23.3,12.66,76.93,48.39,8.74,39.65,15245.45,2085.88,579.37,53.98,2239.47,1464.95,749.3,2454.84,95.6,1546.86,479.64,1516.56,662.43,134.42,134.82,201,88.66,757.68,533.52,6.59,17244.73,45.38,0,17290.1
2015-02-01,1209.18,369.3,417.21,6.51,52.55,285.12,78.5,119.94,46.12,42.13,21.91,9.78,102.47,42.17,2.9,39.26,15518.16,1994.29,545.54,53.45,2009.46,1520.03,756.32,2850.06,151.68,1529.96,720.61,1487.37,558.66,133.49,156.82,180.59,94.04,775.79,216.7,10.27,17218.89,-46.02,0,17172.86
2015-03-01,1317.34,399.41,456.19,12.42,72.66,288.69,87.98,146.15,53.86,53.29,28.8,10.2,117.37,54.93,5.66,49.27,16997.14,2464.22,605.69,53.77,2112.88,1651.95,858.95,3147.44,130.32,1702.43,693.8,1544.56,652.29,138.84,140.72,204.74,101.57,792.96,222.62,14.81,18870.35,8,0,18878.34
2015-04-01,1129.36,353.58,347.13,48.56,47.67,261.8,70.62,133.27,46.35,47.65,28.09,11.18,105.55,42.82,2.82,40,15164.79,2239.75,553.41,54.92,2030.38,1472.68,705.71,2441.84,126.34,1580.94,486.64,1518.17,676.32,162.78,125.76,184.42,86.86,717.87,301.36,15.43,16892.58,-41.17,0,16851.41
2015-05-01,1401.21,438.86,370.3,87.48,54.03,375.42,75.11,147.24,61.5,49.72,27.4,8.63,107.1,48.86,5.66,43.2,16155.28,2397.03,598.61,66.38,2250.92,1524.62,769.11,2560.79,131.72,1660.3,538.92,1580.54,711.76,165.02,133.83,208.45,94.24,763.05,538.21,27.62,18425.52,-76.3,0,18349.21
2015-06-01,1244.66,324.54,429.17,54.73,77.25,272.35,86.61,148.34,58.95,46.81,29.08,13.51,99.66,39.12,2.83,36.29,16370.11,2279.18,607.31,66.49,2138.54,1456.07,751.03,2384.81,462.74,1731.05,687.85,1594.85,864.22,178.52,131.48,188.08,94.84,753.07,221.73,28.21,18151.84,-367.51,0,17784.33
2015-07-01,1281.52,347.33,508.8,57.13,58.74,228.11,81.39,141.2,59.2,45.53,25.42,11.05,86,40.12,5.71,34.41,16441.47,2303.53,634.61,62.79,2138.26,1474.34,851.39,2849.09,106.71,1637.74,523.87,1607.06,843.66,181.31,139.17,204.02,96.2,787.72,199.23,16.68,18206.22,5.36,0,18211.58
2015-08-01,1287.8,325.72,539.7,67.98,91.74,178.39,84.27,138.28,60.35,48.33,19.54,10.06,87.99,40.87,5.68,35.19,15280.87,2109.93,556.77,58.15,2290.29,1334.77,681.51,2644.34,65.13,1559.37,465.57,1429.29,671.72,170.61,129.93,208.9,89.31,815.27,823.72,8.44,17667.97,22.12,0,17690.09
2015-09-01,1103.87,336.15,412.81,34.12,76.23,167.49,77.06,151.52,71.78,44.18,24.46,11.09,99.91,38.69,2.91,35.78,16951.34,2254.8,573.03,47.64,2400.01,1464.73,789.99,3029.77,287.21,1547.49,905.09,1481.32,636.09,155.95,131.27,215.64,92.38,938.92,443.86,25.22,18814.41,-205.91,0,18608.49
2015-10-01,1265.34,489.78,404.41,9.5,56.51,231.61,73.53,165.49,83.2,46.71,24.49,11.09,102.71,41.56,5.96,35.6,16561.55,2323.52,582.39,48.39,2454.74,1452.96,788.09,2784.59,251.75,1608.12,570.27,1395.83,727.73,184.19,133.25,198.76,94.12,962.86,399.89,29.71,18566.27,-184.17,0,18382.1
2015-11-01,1072.05,358.57,374.58,6.66,67.39,189.93,74.91,163.15,83.84,43.8,24.03,11.49,89.94,44.97,3.11,41.87,15469.7,2240.23,552.03,48.4,2178.74,1393.16,714.44,2744.02,104.92,1521,602.53,1377.58,596.22,181.46,134.01,184.28,86.23,810.47,297.92,25.02,17162.75,-59.87,0,17102.88
2015-12-01,1337.13,536.23,369.64,7.12,111.27,218.37,94.5,170.08,88.41,45.69,26.04,9.93,93.86,46.31,12.03,34.28,15233.23,2162.94,568.7,60.61,2254.3,1329.21,795.69,2511.53,69.74,1720.79,385.98,1443.89,561.53,125.23,131.41,185.85,92.8,833.03,190.16,17.29,17088.06,-45.45,0,17042.61
2016-01-01,1127.39,435.28,317.32,8.36,96.14,187.21,83.07,140.13,67.89,44.02,18.79,9.44,88.3,47.05,16.76,30.3,14000.14,1958.86,509.32,47.06,2046.74,1380.38,647.81,2439.26,113.06,1445.15,468.84,1302.15,381.13,132.32,138.52,163.72,81.23,744.58,267.46,21.98,15692.45,-56.4,0,15636.04
2016-02-01,1053.45,370.95,335.13,2.74,48.3,215.68,80.65,134.82,62,44.77,16.01,12.03,117.85,36.07,7.18,28.89,15695.44,2149.27,522.5,45.27,1922.67,1473.95,704.29,2792.74,516.3,1478.73,857.56,1364.76,355.68,105.92,133.75,185.99,88.11,997.97,1919.39,24.81,18981.84,-789.62,0,18192.22
2016-03-01,1210.32,428.88,359.93,24.5,53.08,251.93,92.01,163.59,79.06,49.02,25.38,10.12,137.06,79.27,40.71,38.56,16800,2558.58,583.4,55.7,2028.69,1647.06,758.35,3097.14,458.88,1797.03,637.19,1460.46,319.75,135.33,143.92,218.12,105.13,795.29,652.69,127.26,19170.19,-470.42,0,18699.77
2016-04-01,1138.96,313.81,384.41,92.14,48.62,223.6,76.37,147.54,72.25,41.68,24.91,8.7,113.4,50.36,22.02,28.33,13816.96,2097.99,515.05,49.65,1873.84,1473.9,645.75,2320.69,140.41,1383.99,420.14,1345.57,358.7,136.01,132.23,172.85,80.44,669.76,318.07,23.99,15609.27,12.56,0,15621.83
2016-05-01,1179.68,333.33,336.07,80.77,77.33,265.76,86.42,180.26,101.33,45.08,27,6.84,121.95,89.03,51.21,37.82,15300.14,2361.23,555.08,58.04,1922.5,1576.44,778.67,2754.04,75.43,1499.91,524.57,1489.25,438.44,94.88,143.68,198.18,97.71,732.07,792.3,33.82,17697.18,18.68,131.19,17847.05
2016-06-01,1059.21,326,329.9,47.02,51.62,234.22,70.44,177.57,100.32,43.92,26.27,7.05,115.21,64.97,35.75,29.22,15889.7,2317.49,584.19,60.08,2071.17,1523.85,775.28,2910.21,141.81,1637.15,673.33,1452.21,469.94,110,141.45,197.59,100.69,723.24,826.42,18.98,18152.04,-38.97,251.23,18364.3
2016-07-01,899.56,225.59,331.19,41.2,48.21,179.66,73.72,167.93,92.99,43.03,23.6,8.31,121.93,107.49,66.91,40.58,14849.63,2165.86,551.12,54.1,2049.93,1466.98,838.16,2367.2,162.92,1551.53,444.33,1406.29,498.15,126.89,139.91,209.52,95.93,720.82,878.47,39.06,17064.08,-62.62,289.05,17290.51
2016-08-01,1141.34,302.3,367.78,69.82,126.66,191.19,83.59,163.44,87.44,44.98,19.74,11.28,114.21,96.31,63.53,32.77,16749.08,2267.97,561.52,52.98,2277.62,1519.75,881.72,3490.85,161.7,1604.89,463.12,1412.86,529.29,131.6,134.36,234.21,102.47,922.16,457.18,23.23,18744.78,10.48,-677.84,18077.42
2016-09-01,1167.05,355.69,362.89,78.49,110.35,170.62,89.01,197.28,107.81,52.27,25.95,11.26,133.88,90.58,53.55,37.04,17441.5,2271.59,559.66,47.21,2442.18,1662.33,814.98,3083.84,339.67,1691.63,915.57,1507.11,496.87,165.65,141.01,202.66,105.62,993.92,386.3,21.39,19437.98,-209.24,0,19228.75
2016-10-01,1134.11,370.68,383.98,44.08,72.24,173.02,90.12,192.14,105.28,48.6,27.36,10.9,133.36,78.55,40.85,37.7,15934.95,2248.92,523.62,44.47,2238.51,1478.4,773.39,2724.06,253.4,1668.63,491.77,1439.46,528.82,169.95,137.86,192.89,96.22,924.58,264.42,19.34,17756.88,-164.2,0,17592.68
2016-11-01,1330.89,452.51,432.89,8.89,92.17,251.98,92.46,202.68,114.71,47.62,29.54,10.81,128.82,72.75,36.88,35.87,16655.89,2326.07,549.66,55.64,2240.67,1537.48,797.9,2905.15,102.98,1899.42,556.03,1514.05,625.42,176.79,141.1,192.95,104.19,930.39,485.49,32.08,18908.6,-53.56,0,18855.05
2016-12-01,1467.39,494.63,503.52,4.97,147.1,233.23,83.94,185.11,95.43,49.28,29.83,10.57,118.44,89.97,57.51,32.46,15839.35,2290.81,562.84,55.84,2229.41,1508.24,778.04,2566.61,255.46,1601.06,424.06,1534.44,641.56,148.08,133.41,180.76,93.7,835.02,454.31,17.67,18172.24,-90.37,0,18081.87
2017-01-01,1276.9,345.89,515.77,3.61,153.88,187.1,70.66,129.66,60.72,36.44,25.11,7.39,102.42,95.18,61.18,34,14842,2072.22,498.6,43.72,1997.1,1499.04,714.29,2529.9,266.32,1448.34,437.91,1463.33,583.76,120.84,137.76,160.3,79.61,788.97,635.77,12.13,17094.06,-176.71,0,16917.35
2017-02-01,1415.4,393.14,587.69,5.17,98.98,254.39,76.03,131.77,60.74,40.26,24.95,5.83,123.66,106.66,70.43,36.23,15938.75,2303.26,536.13,48.45,2058.02,1666.46,814.98,2753.67,137.83,1520.96,911.93,1487.95,425.7,102.25,127.92,174.95,91.05,777.22,680.77,39.95,18436.96,-168.77,0,18268.19
2017-03-01,1589.02,408.97,703.68,18.59,95.42,276.53,85.83,174.37,77.54,51.66,37.95,7.21,159.53,100.54,52.73,47.82,18270.98,2723.42,630.75,51.65,2395.27,1925.33,921.2,3256.98,167.37,1928.12,615.35,1699.72,500.94,107.96,149.17,215.44,103.98,878.32,555.33,45.79,20895.57,-151.01,0,20744.56
2017-04-01,1354.15,384.46,541.84,72.03,72.5,218.32,65,151.48,75.53,39.83,29.48,6.63,140.6,110.59,81.8,28.8,14683.19,2298.57,500.79,44.65,1894.01,1514.89,755.18,2223.45,477.59,1424.09,367.13,1500.05,471.69,131.83,138.9,157.6,79.15,703.62,392.86,28.65,16861.53,-384.72,0,16476.82
2017-05-01,1445.71,340.3,488.21,210.76,97.66,215.14,93.65,199.66,106.66,49.33,35.74,7.93,146.07,65.31,29.07,36.24,17851.39,2693.74,587.62,61.88,2429.7,1757.88,916.43,2977.9,297.75,1783.81,514.93,1693.41,680.01,157.6,145.59,204.65,106.37,842.12,244.26,19,19971.4,-357.21,0,19614.19
2017-06-01,1279.01,439.03,420.44,75.24,81.25,185.81,77.25,206.74,114.59,48.56,37.77,5.82,141.99,98.22,64.22,34,17925.71,2576.53,583.97,58.02,2509.81,1722.26,876.82,2965.32,528.01,1768.72,666.46,1623.83,579.65,138.31,143.48,199.69,102.15,882.7,450.87,29.42,20131.96,-462.86,0,19669.11
2017-07-01,1401.89,448.5,402.64,75.79,191.23,200.92,82.82,182.79,102.4,44.08,28.16,8.15,157.97,101.12,67.08,34.05,16752.91,2404.84,546.18,53.54,2220.88,1611.97,859.09,2875.28,334.83,1866.49,439.31,1549.18,540.7,129.04,149.29,197.46,95.1,879.74,232.07,34.29,18863.06,-237.15,0,18625.91
2017-08-01,1489.54,444.87,458.95,109.03,190.27,199.08,87.34,203.24,119.24,47.85,27.22,8.94,173.85,83.79,45.28,38.51,18332.92,2695.19,605.96,57.93,2516.1,1718.1,961.1,3028.74,409.44,1755.21,429.17,1854.84,666.2,139.85,147.91,219.8,111.53,1015.85,1069.53,14.43,21367.3,-356.51,0,21010.8
2017-09-01,1317.86,388.28,444.37,20.05,129.07,245.92,90.17,201.86,116.54,47.28,26.49,11.55,158.59,78.33,45.5,32.83,18785.68,2527.67,586.58,45.83,2709.36,1727.53,933.73,3270.63,159.28,1808.58,975.95,1730.08,769.6,139.22,140.13,216.52,105.94,939.04,1277.47,14.9,21834.69,-74.91,0,21759.79
2017-10-01,1268.63,363.42,474.8,14.16,113.05,209.92,93.28,185.16,109.28,39.7,28.22,7.97,157.66,83.7,50.45,33.25,18151.65,2583.84,558.18,48.82,2557.88,1661.56,896.93,3404.27,306.15,1663.8,496.11,1695.43,762.12,153.97,149.23,201.54,104.93,906.9,150.61,18.42,20015.83,-178.05,0,19837.78
2017-11-01,1677.79,679.91,493.96,13.91,160.72,222,107.28,196.17,117.44,44.95,26.69,7.1,154.39,95.91,63.78,32.13,19141.64,2718.77,603.73,55.59,2815.13,1787.43,966.58,3330.93,463.99,1750.96,611.84,1761.44,751.17,149.37,149.41,222.03,106.51,896.76,156.17,18.79,21440.86,-333.85,0,21107.01
2017-12-01,1544.9,549.81,492.15,34.56,137.12,224.96,106.31,174.26,101.93,40.13,25.64,6.57,126.84,88.01,50.35,37.66,17396.2,2562.3,595.55,54.17,2637.52,1644.35,890.59,2940.98,121.85,1684.24,452.97,1678.91,748.65,124.04,140.42,191.86,101.95,825.87,370.09,21.14,19721.44,-64.9,0,19656.54
2018-01-01,1425.68,477.54,408.35,10.87,143.04,272.41,113.48,152.72,75.15,41.16,29.62,6.79,136.7,122.47,83.32,39.15,17810.37,2538.93,576.5,48.19,2392.65,1713.39,943.39,3011.39,350.5,1678.14,478.96,1889.69,749.69,107.69,157.09,216.81,102.38,854.98,515.64,17.59,20181.18,-163.62,0,20017.56
2018-02-01,1358.58,472.93,418.2,13.14,104.58,240.35,109.38,141.21,68.14,35.65,31.35,6.08,157.49,76.56,41.47,35.09,18396.63,2471.87,579.97,50.53,2226.38,1782.58,944.04,3499.37,263.03,1734.45,933.99,1794.72,634.27,115.79,150.31,244.05,100.18,871.09,296.48,29.16,20456.11,-487.01,0,19969.1
2018-03-01,1325.02,448.8,349.94,42.57,101.43,263.54,118.73,182.13,82.61,60.93,31.11,7.48,173.93,157.11,119.29,37.82,20346.23,2786.76,655.57,49.62,2867.56,2028.11,1025.34,3389.82,477.69,2087.14,642.71,1977.78,746.61,118.55,164.5,276.24,109.79,942.42,434.89,30.45,22649.76,-279.54,0,22370.22
2018-04-01,1586.37,457.33,474.7,220.48,92.53,237.67,103.67,143.2,69.48,38.29,27,8.43,129.54,94.41,48.71,45.7,16589.99,2585.43,548.54,45.77,2180.05,1607,916.05,2607.57,183.98,1589.43,431.45,1817.6,660.29,141.12,146.58,244.04,91.63,793.43,525.59,13.4,19082.49,-18.94,0,19063.55
2018-05-01,1458.98,427.75,402.66,158.52,113.93,220.7,135.42,180.95,90.63,47.27,35.8,7.25,105.76,134.32,75.93,58.39,20048.39,2977.57,637.74,63.62,2538.75,1886,1093.62,3575.9,199.33,1897.06,543.94,2192.75,884.85,134.75,159.56,239.66,105.14,918.15,450.58,27.33,22406.32,-20.44,0,22385.88
2018-06-01,1376.99,474.43,375.95,118.11,87.58,192.82,128.1,179.45,98.51,44.12,30.33,6.49,136.77,124.18,84.91,39.28,19552.6,2884,627.74,58.49,2835.96,1838.43,1058.52,3173.21,313.53,1886.78,691.5,2006.66,721.94,131.11,153.66,222.15,96.86,852.04,495.88,13.11,21878.99,-118.46,0,21760.53
2018-07-01,1330.75,427.29,378.34,95.91,136.91,157.36,134.94,164.99,88.43,43.05,26.7,6.81,107.35,107.95,63.56,44.39,18325.86,2735.79,618.02,54.33,2415.88,1659.49,972.42,3137.88,210.11,1815.77,439.52,1954.79,858,124.66,163.69,257.15,93.9,814.47,272.93,23.96,20333.79,-71.3,0,20262.49
2018-08-01,1557.99,498.49,369.9,173.78,195.62,177.75,142.45,167.98,90.94,44.43,25.96,6.66,127.47,123.14,82.57,40.56,20445.03,2940.17,655.73,53.93,2618.37,1781.6,1032.67,3524.2,664.07,1980.3,519.55,2082.65,922.49,135.16,164.87,335.34,106.65,927.26,380.17,25.47,22827.25,-488.41,0,22338.84
2018-09-01,1291.05,468.33,336.28,50.48,111.91,201.19,122.86,164.47,90.06,40.88,24.74,8.8,110.08,91.37,53.57,37.8,18798.8,2594.04,577.33,41.71,2610.64,1631.91,954.75,3070.96,251.43,1845.16,1016.5,1840.89,836.45,135.44,163.5,251.95,98.03,878.12,292.96,20.69,20769.42,-64.57,0,20704.85
2018-10-01,1366.69,470.71,384.15,16.48,119.59,253.73,122.04,174.57,100.58,41.88,25.04,7.07,103.33,103.54,68.11,35.44,19547.09,2904.4,617.89,51.58,2537.59,1684.35,988.25,3204.76,350.2,1854.54,605.51,2066.38,1017.11,156.43,166.66,232.04,102.51,1006.89,430.77,18.15,21744.14,-156.65,0,21587.49
2018-11-01,1367.39,527.53,370.36,17.24,142.5,197.01,112.76,180.65,107.31,37.71,29.35,6.29,95.37,105.14,54.36,50.78,19119.77,2763.68,600.9,52.08,2564.3,1705.36,1037.1,3174.12,315.34,1770.87,616.09,1979.58,928.65,138.59,167.36,240.32,101.06,964.38,346.29,10.7,21225.31,-6.45,0,21218.86
2018-12-01,1349.34,524.52,333.3,30.05,174.56,177.46,109.45,165.48,99.7,35.38,24.76,5.63,87.98,90.55,43.93,46.62,17250.18,2543.4,581.27,56.69,2276.06,1558.26,926.71,2998.55,187.55,1673.26,450.92,1831.36,767.38,108.49,149.64,202.54,98.39,839.7,441.3,17.38,19402.21,26.55,0,19428.76
2019-01-01,1337.23,471.29,346.74,20.62,216.45,172.79,109.35,138.55,71.49,38.53,21.78,6.74,95.16,102.49,69.18,33.31,16960.19,2469.54,592.67,50.88,2179.21,1647.82,882.68,2909,167.68,1629.78,496.63,1759.48,657.61,105.63,158.25,208.5,90.13,954.7,341.9,15.08,18990.6,20.05,0,19010.65
2019-02-01,1203.59,371.48,352.03,50.19,134.3,190.09,105.49,121.66,57.15,32.58,25,6.92,119.55,68.21,32.25,35.96,17623.42,2628.1,575.39,50.34,1990.16,1771.44,901.76,3046.67,269.57,1701.07,857.36,1713.16,626.35,97.15,153.18,285.32,94.31,862.08,2463.81,11.98,21612.21,-2015.37,0,19596.83
2019-03-01,1403.32,408.19,372.84,127.05,141.3,229.87,124.07,144.42,64.91,42.71,29.61,7.19,130.69,144.75,80.7,64.05,19176.27,2866.92,629.18,49.97,2279.47,1981.46,981.49,3661.28,241.45,1924.42,557.82,1817.56,648.91,83.54,167.1,274.05,105.14,906.49,441.86,66.32,21507.62,-90.77,0,21416.84
2019-04-01,1651.88,364.78,322.56,407.72,218.59,233.7,104.52,136.15,66.01,36.82,24.69,8.64,116.13,85.83,40.78,45.05,16296.12,2536.16,545.63,50.95,1950.7,1686.63,861.67,2625.33,260.47,1511.02,402.83,1799.78,671.63,119.52,151.01,248.55,92.41,781.84,251.19,16.96,18554.26,-72.33,0,18481.93
2019-05-01,1363.62,359.45,362.61,154.88,134.73,223.11,128.83,167.08,90.2,38.33,31.06,7.49,110.2,111.68,46.53,65.15,19029.53,2875.07,623.9,59.5,2359.05,1871.02,983.06,3178.02,390.56,1800.36,625.39,1819.84,693.74,112.66,160.51,413.21,109.18,954.46,193.29,30.04,21005.44,-244.45,0,20760.99
2019-06-01,1191.53,310.18,420.45,56.82,128.03,157.85,118.19,154.03,83.36,35.57,26.67,8.43,99.23,118.38,58.85,59.54,17834.25,2573.53,568.16,53.64,2439.76,1782.02,959.39,3223.89,252.95,1694.04,646.14,1606.43,575.99,106.52,147.71,246.6,103.49,853.99,1991.68,14.26,21403.37,-90.04,0,21313.33
2019-07-01,1373.9,311.55,414.78,171.07,174.21,183.54,118.75,165.29,94.57,38.1,25.36,7.26,114.97,89.96,46.79,43.16,18078.48,2663.82,610.51,56.89,2237.27,1742.78,970.1,3166.41,405.06,1729.44,430.79,1750.91,705.8,115.02,160,300.94,110.97,921.79,1392.21,18.91,21233.72,-228.7,0,21005.02
2019-08-01,1421.78,275.77,343.47,325.63,213.19,147.83,115.88,164.53,90.03,41.18,26.05,7.27,103.15,80.21,39,41.21,18293.41,2830.95,619.54,52.87,2344.78,1692.4,955.71,3240.29,205.42,1850.77,583.59,1719.87,548.59,127.22,158.09,304.94,116.59,941.8,1874.88,16.79,21954.75,-86.07,0,21868.68
2019-09-01,1037.54,318.28,284.35,67.12,130.57,119.71,117.5,153.45,87.81,37.56,21,7.08,84.06,120.17,78.12,42.05,18322.45,2713.2,579.66,43.84,2411.5,1754.22,898.16,3282.25,206.3,1652.04,932.23,1654.75,583.59,135.24,154.61,264.65,118.88,937.32,673.42,17.46,20408.54,-138.63,0,20269.91
2019-10-01,1101.56,345.64,296.18,22.63,126.23,176.14,134.75,185.69,103.83,49.47,26.63,5.76,90.87,74.18,30.72,43.46,18906.37,2997.44,612.57,54.3,2519.84,1720.13,944.36,3240.19,484.01,1666.42,563.58,1725.41,656.13,171.51,153.17,264.96,122.9,1009.45,394.68,16.98,20770.32,-342.49,0,20427.83
2019-11-01,1140.52,362.02,302.05,12.52,161.61,144.79,157.52,182.43,101.77,45.25,26.47,8.95,104.6,128.18,82.42,45.76,17683.25,2827.62,568.99,53.65,2415.92,1790.17,877.52,2778.65,317.2,1586.18,641.69,1618.5,510.6,161.37,155.13,262.03,130.67,987.36,392.65,17.33,19648.97,-151.2,0,19497.76
2019-12-01,1161.4,308.79,324.37,48.36,178.22,131.85,169.81,154.91,83.81,41.94,22.82,6.34,94.13,95.46,53.91,41.56,17303.72,2690.96,554.56,57.59,2367.6,1758.95,862.99,2811.66,278.4,1592.51,465.19,1588.18,707.2,125.74,150.98,227.76,122.94,940.5,302.69,66.68,19179,-127.98,0,19051.02
2020-01-01,1146.54,312.62,388.43,20.57,112.49,151.77,160.66,121.06,56.39,37.62,21.2,5.85,102.6,102.83,66.11,36.72,16900.64,2519.35,570.8,53.67,2108.39,1790.71,908.72,2971.49,126.68,1582.84,519.24,1551.87,686.06,113.17,154.86,259.24,117.13,866.41,1272.24,27.45,19673.36,25.71,0,19699.07
2020-02-01,1130.24,272.66,374,21.44,79.08,218.94,164.12,124.2,49.28,36.13,32.24,6.55,83.84,78.97,46.1,32.86,17839,2681.11,589.56,53.19,2080.89,1850.51,907.22,3188.7,773.05,1603.56,536.49,1500.97,632.58,98.37,160.61,248.02,113.47,820.7,1523.62,10.04,20789.88,-495.49,0,20294.39
2020-03-01,1348.66,354.26,280.62,210.46,102.28,211.63,189.4,132.22,61.22,42.71,22.57,5.72,94.57,76.4,27.09,49.31,18642.42,2936.77,539.61,46.86,2542.64,2082.84,981.36,3001.97,862.89,1646.99,390.52,1589.43,528.09,86.91,139.71,256.52,113.8,895.51,2035.08,32.95,22362.29,-1424.91,0,20937.39
2020-04-01,1679.22,449.09,255.67,534.9,109.04,168.45,162.06,138.19,66.1,46.64,21.77,3.69,103.3,93.53,27.66,65.87,13814.83,2652.08,390.94,30.13,2009.66,1482.33,792.39,1340.97,654.26,1339.52,171.55,1416.59,344.79,92.22,89.17,226.3,84.5,697.43,3116.36,7.22,18952.65,-1202.69,0,17749.95
2020-05-01,1721.27,345.67,210.24,478.67,281.31,226.13,179.26,130.93,67.59,41.72,17.29,4.33,83.91,52.07,22.21,29.86,13029.59,2552.71,383.15,33.25,1983.58,1376.17,691.12,1377.09,444.88,1184.81,192.63,1323.98,400.24,85.84,103.34,216.82,90.69,589.29,1257.91,9.08,16284.76,-409.65,0,15875.12
2020-06-01,988.16,246.63,186.41,144.73,74.41,167.47,168.52,130.05,69.26,32.81,21.5,6.48,86.01,59.19,25.67,33.52,14909.33,2637.58,463.37,41.17,2380.89,1624.78,759.6,2007.22,377.74,1291.68,232.59,1469.56,364.08,100.03,139.02,227.6,109.4,683.04,297.59,8.69,16479.02,-353.64,0,16125.38
2020-07-01,1153.95,259.43,190.18,225.69,101.47,191.52,185.65,133.08,70.2,34.42,20.92,7.53,93.42,68.13,36.72,31.41,15699.85,2606.72,468.6,50.22,2219.4,1729.5,815.89,2341.8,367.72,1452.59,338.88,1469.25,434.9,119.68,158.84,246.21,126.45,753.18,1676.71,8.96,18834.1,-300.57,0,18533.53
2020-08-01,1139.23,237.91,232.78,111.94,225.15,172.78,158.68,125.32,64.27,34.57,18.14,8.33,95.63,56.89,22.69,34.2,15943.5,2746.28,482.78,43.2,2269.1,1732.66,826.59,2516.36,78.9,1543.03,345.19,1528.31,407.46,156.66,154.23,254.46,136.69,721.59,2807.31,7.04,20174.93,-59.06,0,20115.87
2020-09-01,1225.52,246,249.67,214.73,166.93,177.97,170.23,129.45,64.3,35.05,22.05,8.05,99.16,74.67,37.68,36.99,17597.85,2793.21,475.4,34.6,2631.52,1911,921.84,2986.92,195.41,1716.8,408.59,1617.88,396.41,184.96,161.77,246.12,140.21,775.23,529.51,14.71,19670.88,-193.73,0,19477.15
2020-10-01,1092.22,276.3,335,57.43,127.53,142.57,153.39,153,76.96,42.22,27.92,5.89,110.93,99.21,21.96,77.25,17634.6,2866.83,510.64,35.69,2550.97,1936.62,948.27,2956.94,98.54,1770.86,467.82,1627.46,358.09,189.91,171.82,230.3,140.03,773.81,256.65,30.26,19376.85,-84.36,0,19292.49
2020-11-01,1282.34,422.41,400.06,27.5,152,138.25,142.12,138.36,71.72,40.98,19.43,6.23,91.05,94.46,21.82,72.64,17148.33,2771.91,475.61,44.59,2306.26,1877.45,909.63,3102.94,69.4,1671.88,458.38,1566.69,407.2,174.92,165.08,232.71,142.46,771.2,195.39,9.89,18959.81,-26.66,0,18933.15
2020-12-01,1356.34,308.41,421.72,24.75,220.44,219.89,161.11,127.87,63.17,38.73,20.38,5.58,92.41,70.9,13.8,57.1,18205.59,2803.93,530.97,45.17,2690.41,1995.42,1017.11,2848.73,181.86,1834.13,426.67,1740.62,590.68,158.66,170.58,228.21,140.4,802.04,216.23,6.24,20075.58,-125.14,0,19950.43
2021-01-01,1337.16,276.47,394.52,42.59,201.46,254.16,167.97,103.25,46.89,32.48,18.71,5.17,69.57,136.81,32.73,104.08,17960.44,2679.32,489.02,48.12,2324.38,1978.96,1073.21,3527.2,135.76,1726.85,369.64,1639.63,513.46,144.36,161.38,225.17,129.69,794.29,147.65,12.46,19767.34,-74.71,0,19692.63
2021-02-01,1399.81,269.15,459.54,109.86,112.22,299.3,149.74,106.23,50.27,32.18,18.79,4.98,104.77,91.22,35,56.22,18323.59,2896.73,512.76,43.74,2270.25,2037.84,1090.48,3322.9,55.17,1830.26,390.06,1830.81,586.26,142.76,167.71,222.56,135.78,787.53,139.5,39.36,20204.48,-28.43,0,20176.05
2021-03-01,1459.43,225.46,587.03,59.73,113.43,290.24,183.55,137.32,64.42,40.88,25.26,6.75,143.24,94.92,39.34,55.59,22009.26,3490.51,599.08,50.19,2698.44,2514.03,1327.33,4234.22,50.5,2061.13,518.57,2150.28,635.83,163.77,189.12,280.28,152.21,893.77,281.19,20.89,24146.25,20.53,0,24166.78
2021-04-01,1926.82,208.4,473.59,691.83,89.08,313.82,150.1,138.52,72.86,34.63,24.94,6.08,111.35,108.02,56.19,51.83,18847.47,3042.65,528.99,41.15,2447.99,2117.96,1131.97,3006.52,204.52,1715.84,416.02,2055.28,671.6,149.74,169.54,214.27,132.91,800.52,262.75,9.16,21404.1,-116.22,0,21287.88
2021-05-01,2065.38,200.03,419.12,934.96,103.72,254.95,152.6,144.49,74.86,38.06,24.91,6.66,110.8,82.07,20.51,61.56,19993.55,3075.33,524.96,52.33,2808.44,2145.48,1167.22,3426.03,168.96,1751.06,417.99,2121.91,808.7,137.88,177.34,239.81,139.36,830.75,687.54,7.81,23091.64,-93.35,0,22998.29
2021-06-01,1703.3,228.44,394.95,392.89,259.57,282.99,144.45,169.91,87.96,45.99,28.55,7.43,115.65,108.29,42.35,65.94,21169.75,3247.27,573.27,54.16,3048.26,2204.22,1393.28,3579.12,196.36,1921.93,482.74,2193.2,656.53,167.01,177.66,250.99,153.48,870.27,464.89,9.09,23740.89,-120.32,0,23620.58
2021-07-01,1800.28,238.66,420.66,462.44,290.88,255.63,132.01,148.73,79.11,37.35,24.54,7.72,115.37,105.98,43.11,62.87,19887.39,2978.6,551.92,49.32,2783.33,2073.94,1359.99,3251.64,133.59,1756.17,472.73,2172.71,744.18,143.31,166.81,240.78,145.24,863.11,577.94,12.95,22648.64,-41.59,0,22607.05
2021-08-01,1845.97,298.32,462.68,465.09,292.21,234.51,93.15,137.97,75.04,35.94,20.65,6.34,132.55,82.29,20.4,61.89,19336.64,2922.06,527.51,43.96,2607.14,1875.41,1319.78,2994.04,238.16,1741.83,448.72,2181.48,921.71,153.49,171.25,240.61,135.63,813.86,434.03,6.01,21975.46,-149.09,0,21826.37
2021-09-01,1389.19,316.64,458.53,127.65,154.68,230.28,101.4,166.69,94.35,41.64,22.48,8.22,127.48,110.33,41.77,68.56,21038.71,3110.87,568.15,42.27,3125.57,2195.8,1363.17,3233.63,141.48,2052.38,507.91,2271.4,830.34,146.49,168.26,251.22,150.32,879.45,265.43,11.34,23109.18,-67.44,0,23041.74
2021-10-01,1429.45,369.52,508.45,48.31,193.37,189.96,119.83,180.17,107.09,41.35,24.46,7.27,105.9,92.26,23.98,68.28,20581.21,3034.82,570.5,49.13,2758.37,2063.34,1318.99,3333.98,210.65,1883.18,613.83,2179.25,944.84,141.55,176.91,259.63,156.99,885.26,364.65,22.39,22776.03,-129,0,22647.04
2021-11-01,1521.51,396.3,494.28,65.83,208.83,239.54,116.73,144.72,77.15,40.06,21.19,6.31,111.06,88.18,24.89,63.28,21406.7,3102.42,607.34,50.42,2808.94,2104.7,1377.4,3566.2,367.25,1900.46,606.73,2247.18,987.41,179.68,188.93,250.09,158.2,903.37,432.73,18.15,23723.05,-254.94,0,23468.11
2021-12-01,1674.32,436.03,517.73,87.83,209.3,309.51,113.92,145.78,73.75,41.73,23.65,6.65,107.45,99.03,44.18,54.85,23115.05,3288.86,616.32,62.6,3351.78,2337.53,1432.69,4113.43,507.92,2036.9,564.45,2282.42,820.12,173,186.62,265.98,160,914.44,271.34,6.06,25419.02,-387.2,0,25031.82
2022-01-01,1319.26,241.79,496.37,47.35,174.11,263.64,96,122.32,55.32,37.21,24.61,5.18,108.52,109.22,52.54,56.68,19339.53,2926.22,554.38,52.56,2456.35,2113.64,1265.69,3073.21,279.29,1794.47,558.82,2073.14,638.28,168.18,155.52,263.28,150,816.5,207.63,22.98,21229.46,-136.88,0,21092.58
2022-02-01,1285.36,316.53,482.19,7.06,112.84,266.48,100.27,119.16,49.52,37.78,24.71,7.15,122.75,101.85,29.29,72.56,20984.54,3271.31,610.82,54.25,2601.07,2323.72,1386.3,3395.37,211.04,1987.6,548.16,2197.03,733.15,154.4,163.55,280.18,173.18,893.38,763.2,121.01,23497.88,-162.44,0,23335.44
2022-03-01,1515.17,346.48,551.3,55.39,132.23,317.82,111.95,153.68,69.85,46.11,30.27,7.46,162.13,128.66,43.06,85.6,24192.68,3708.53,665.92,61.96,3481.45,2579.8,1522.32,3968.8,299.32,2206.74,677.66,2405.07,771.34,154.96,176.06,318.87,169.68,1024.21,2715.39,11.99,28879.71,-191.87,0,28687.85
2022-04-01,1964.55,300.04,432.6,565.87,126.54,436.16,103.34,136.77,61.85,38.69,30.08,6.15,117.58,81.66,20.54,61.12,20586.83,3252.75,562.9,47.87,2245.25,1999.72,1442.77,2861.02,1021.01,1723.89,601.23,2223.31,1028.87,179.18,165.28,269.07,139.91,822.8,599.66,50.92,23537.97,-916.93,0,22621.04
2022-05-01,2597.07,249.5,435.18,1041.59,324.4,427.75,118.65,138.31,67.59,35.44,28.3,6.99,118.75,148.44,66.24,82.2,22235.12,3563.6,618.78,54.4,2742.24,2229.53,1475.69,3401.74,138.56,1991.27,728.8,2201.95,1340.49,209.31,180.65,306.95,156.93,894.22,277.25,10.91,25525.86,50.06,0,25575.92
2022-06-01,2191.51,385.39,458.58,610.43,333.18,260.55,143.37,151.72,77.87,39.7,27.38,6.77,116.11,158.78,65.28,93.5,23296.86,3607.15,633.54,59.88,3522.81,2182.62,1563.11,3385.38,534.29,2100.46,530.73,2248.42,1143.62,184.13,185.36,299.78,152.58,963.02,598.49,8.21,26521.67,-308.19,0,26213.48
2022-07-01,1771.67,289.94,471.07,405.94,231.79,228.71,144.23,143.31,70.51,41.01,25.2,6.59,109.18,98.05,28.05,70,20969.09,3416.17,591.23,61.21,2433.32,2089.49,1301.91,3244.33,461.76,1936.75,559.03,2043.34,1133.55,210.51,167.28,294.11,136.55,888.54,502.18,19.83,23613.31,-301.86,0,23311.44
2022-08-01,1491.83,344.12,449.63,69.64,229.25,229.03,170.16,146.66,76.01,40.51,22.93,7.21,129.81,91.6,27.37,64.24,21304.64,3397.16,598.04,60.8,2717.33,2194.01,1331.47,3543.07,177.13,2094.87,602.5,2019.31,801.88,219.7,169.83,275.49,148.11,953.94,485.41,22.4,23672.35,-52.35,0,23620.01
2022-09-01,1349.94,326.1,423.36,19.64,211.86,201.7,167.29,168.56,91.3,40.97,28.11,8.18,129.53,123.32,62.95,60.37,22623.42,3139.08,610.48,52.25,3788.82,2313.78,1273.61,3544.68,177.32,2142.55,990.4,1987.43,814.71,231.49,182.42,296.49,150.54,927.39,547.42,10.9,24953.09,-34.27,0,24918.83
2022-10-01,1325.74,380.54,363.76,23.42,195.18,207.98,154.87,144.38,82.96,31.61,23.88,5.93,126.59,71.85,24.32,47.52,19616.43,3016.74,531.19,52.76,2605.42,2055.38,1117.38,3434.93,161.07,1836.95,674.97,1757.13,699.31,245.42,167.27,265.65,121.44,873.43,532.74,9.45,21827.17,-6.62,0,21820.56
2022-11-01,1380.69,379.68,315.78,148.93,180.22,193.32,162.78,140.65,74.24,40.86,19.91,5.64,127.92,80.96,28.28,52.68,20451.74,3141.29,552.85,53.73,2685.9,2146.89,1142.15,3751.3,278.12,1945.03,667.64,1790.9,633.36,248.7,167.23,278.3,130.42,837.92,194.61,11.54,22388.11,-154.05,0,22234.06
2022-12-01,1548.84,417.75,270.84,224.24,176.09,310.59,149.32,122.05,57.24,33.13,24.95,6.73,107.32,98.69,47.02,51.67,19807.04,2837.56,507.63,52.7,2986.55,2121.1,1130.38,3570.07,200.23,2031.79,506.38,1567.51,708.23,202.6,159.26,263.22,127.3,834.51,77.39,16.98,21778.33,-47.49,0,21730.84
2023-01-01,1359.27,413.05,309.97,72.57,149.5,273.26,140.93,88.03,36.93,28.21,17.99,4.9,129.72,42.5,0,42.5,18773.9,2829.95,478.9,45.08,2122.41,2217.16,1122.89,3564.32,203.7,1824.51,561.15,1597.8,733.58,154.72,163.73,264.41,111.44,778.15,186.5,13.25,20593.17,-59.68,0,20533.49
2023-02-01,1372.69,341,318.17,90.57,144.07,321.54,157.34,114.45,52.3,31.38,23.16,7.6,141.04,127.4,72.81,54.58,20556.32,3345.63,511.81,51.87,2306.37,2333.55,1142.67,3658.78,236.82,1965.15,1001.59,1688.23,704.03,163.88,169.5,294.81,119.42,862.2,201.35,53.82,22567.06,-95.45,0,22471.61
2023-03-01,1633.62,371.25,324.82,187.01,178.69,404.97,166.89,140.58,65.87,32.04,33.84,8.83,176.93,101.03,46.26,54.77,23908.26,3791.63,574.62,52.65,3421.56,2785.85,1307.23,4290.03,426.44,2161.82,613.98,1933.88,772.6,202.01,186.36,328.95,136.4,922.26,1922.47,121.32,28004.21,-686.19,0,27318.02
2023-04-01,2694.34,317.54,258.76,1430.56,253.52,293.75,140.21,130.31,71.13,27,25.64,6.54,137.51,84.9,24.87,60.02,17834.77,2872.92,484.37,40.18,2142.96,2113.79,1035.94,2825.09,327.27,1592.73,435.6,1617.38,850.3,235.35,167.56,252.93,102.19,738.23,845.41,66.8,21794.04,-304.98,0,21489.06
2023-05-01,1785.44,460.81,273.36,363.62,253.89,263.17,170.6,152.37,80.98,33.56,29.62,8.21,141.01,67.68,23.69,43.99,21983.65,3464.98,568.43,60.48,2592.87,2530.27,1258.57,3744.31,495.54,1969.89,772.65,1896.99,785.97,270.59,192.07,324.03,130.48,925.55,284.49,44.34,24458.97,-414.94,0,24044.03
2023-06-01,2067.89,327.64,261.26,859.04,219.02,244.88,156.04,142.2,73.27,34.99,26.56,7.39,146.72,83.92,22.34,61.58,22717.16,3235.25,525.16,52.55,3256.94,2366.16,1332.78,3587.36,392.7,2165.7,721.15,1829.7,843.54,246.48,191.06,305.09,137.29,1528.25,227.13,10.16,25395.18,-269.59,0,25125.59
2023-07-01,1664.59,344.42,293.15,440.31,231.33,217.64,137.73,120.79,58.5,32.29,22.09,7.92,136.57,68.74,24.13,44.61,19880.48,3033.9,501.14,46.54,2311.39,2187.81,1244.05,3797.9,245.77,1911.79,571.82,1620.01,699.98,243.98,183.53,276.58,121.41,882.88,254.78,17.28,22143.23,-103.93,0,22039.3
2023-08-01,1664.33,381.24,301.7,253.26,344.64,215.52,167.97,129.52,64.1,38.28,19.02,8.12,157.92,112.11,64.73,47.37,21936.17,3081.55,523.32,43.39,2773.04,2321.58,1283.81,4360.85,220.71,2154.24,560.66,1886.11,953.93,253.7,179.43,288.83,138.99,912.02,260.65,18.9,24279.59,-1084.47,0,23195.13
2023-09-01,1775.44,493.66,295.11,236.26,381.53,212.17,156.72,133,68.65,35.27,20.02,9.06,159.05,51.55,0,51.55,22457.42,3086.18,523.18,47.31,3402.76,2227.4,1224.97,3571.93,362.8,2157.22,1267.51,1773.61,1022.99,295.59,164.48,291.1,132.81,905.58,886.26,13.55,25476.26,-305.87,0,25170.39
2023-10-01,1532.07,524.06,344.02,65.13,251,189.81,158.05,140.62,68.43,39.66,24.5,8.02,178.85,107.44,57.49,49.95,20754.64,3089.03,520.75,44.33,2630.63,2064.26,1154.63,3695.7,322.02,1895.03,735.09,1720.22,1131.87,268.26,169.84,298.81,132.91,881.25,849,16.22,23578.83,-236.66,0,23342.17
2023-11-01,1552.72,637.49,361.63,48.69,191.81,159.33,153.77,131.44,67.61,37.64,17.27,8.93,134.74,48.03,0,48.03,21319.05,3107.13,511.14,49.57,2904.33,2176.58,1416.29,3576.63,447.18,1996.65,692.52,1731.72,958.77,257.71,166.14,306.43,142.73,877.52,266.27,27.45,23479.71,-379.79,0,23099.92
2023-12-01,1394.08,532.27,306.66,77.54,210.95,129.23,137.43,121.63,62.49,33.4,17.74,7.99,148.04,75.94,25.34,50.59,20586.33,2846.54,495.33,40.53,3146.57,2078.35,1315.82,3640.17,452,1815.06,539.92,1562.99,1014.69,210.06,164.92,302.98,135.5,824.87,454.12,11.43,22791.55,-411.25,0,22380.3
2024-01-01,1536.73,602.49,326.87,48.63,240.71,163.27,154.76,129.63,57.6,40.46,24.13,7.44,145.39,74.38,23.93,50.45,20248.29,2885.93,495.2,42.75,2709.52,2145.42,1747.95,3470.7,240.52,1823.19,680.71,1615.16,765.07,225.98,182.95,308.17,118.5,790.58,493.7,21.75,22649.88,-637.67,0,22012.2
2024-02-01,1446.91,523.91,419.1,50.46,127.29,169.21,156.94,122.05,58.28,33.84,23.13,6.8,167.74,113.29,50.36,62.93,20750.29,3159.12,519.91,41.7,2565.01,2323.37,1287.47,3501.28,365.17,1972.76,1112.66,1603.84,633.93,194.39,173.53,319.35,126.65,850.15,771.18,13.4,23384.86,-348.41,0,23036.45
2024-03-01,1576.87,484.76,444.62,64.81,159.33,258.22,165.14,148.89,66.04,42.83,30.92,9.1,191.1,93.32,36.38,56.95,22479.68,3465.33,556.99,42.23,3093.5,2541.25,1316.9,3951.42,485.35,2073.37,679.43,1750.68,724.46,223.52,184.18,322.83,135.37,932.87,463.03,7.65,24960.55,-416.71,0,24543.84
